text,sentiment
نیاز به اصلاح داره شارپی رفته بالا. البته گپ رو هم پر کرده,negative
اگه شنبه بر نگرده حمایت ش میشه 2400,negative
همه چی به حقوقیش بستگی داره اینکه میگین فروشنده زیاد اصلا مهم نیست تا حقوقیش نخواد هیچ سهمی بالا نمیره همینطور که صف فروش فیک درست میکنن میتونن صف خرید فیکم درست کنن تحیلاتونو واسه خودتون نگه دارین چون جواب نمیده,negative
سلام. کسی حمایت سهم رو میدونه؟,negative
سلام ؛ من همون تازه وارد بورسم که تا الان 9 میلیون ضرر کردم ؛ به نظرتون شنبه ده میلیون تومان خرید کنم ؛ با قیمت پایین ؟,negative
اقا این نوسانگیرا داسان درس کردن واس سهم اصن انگار یه عده نمیخاسن این سهم بره بالا امرو .لیدرشونم که افتاده دس نوسان گیرا,negative
تا وارد نشدن دارو دسته حقوقی ها نهایتا ساید بشه. امروز خروج پول هوشمند بود از سهم البته انقد تو دست پایین معامله شد که قیمت پایانی هم رسید به منفی پنج. شنبه عکس العمل نشون نده ( حقوقی) برا برگشت میره به حمایت 50 فیبو که واقعا افتضاحه. دوستان خبری چیزی تو را نیست؟,negative
اصلاح خزامیا تموم شد امروزم راحت میتونست مثبت پنج بشه ولی نمیدونم چرا یه سری نمیخواستن سهم بالا بیا با قیمت پایین میفروختن. بگیم حقوقی باعث شد که دروغ همش کار حقیقی بود نمیدونم دلیلشو ولی خیلی راحت روزی که مثبت باید میشد یه سری با مفت فروشی منفیش کردن,negative
اصلاح مصلاح در کار نیس. ریزشه قیول کنین دیکه بابا. 2 هفته داره اصلاح میخوره؟,negative
خزامیا 80+ خاذین 60+ فولاد 180+ بودم ، سهامداری کردم الان بیشترش ریخته. چیکار کنم بنظرتون؟ این شنبه‌ی خوب کی میاد؟,negative
چقدر این حقوقی گدا گشنه اس. همین سهمایی که خریدی ببین می تونی بفروشی. اینقدر گشنه بازی درنیار. تو که روزای مثبت هم سهم نمی فروشی و با کد به کد حجم مبنا رو پر می کنی. این همه سهم می خوای چیکار؟ گشنه. آخر شهریور ، این سهمایی که خریدی 150 تا تک تومان می ارزه. از من به تو گفتن. حالا باز برو شل کن و سفت کن درست کن و حرص بزن و این برگه پاره ها رو بخر. ولی این برگه ها فقط تا آخر شهریور می ارزه نه بعدش. آروم آروم باید با شغل شریف برگه کشی خداحافظی کنی. :)))))))))),negative
تا کی این اصلاح ادامه داره ؟. من تازه واردم توی بورس. الان توی 9 میلیون ضرر هستم 😒,negative
فاتحه سهمو خوندن نوسانیگرا توش جولان میدن مث بقیه خودروییا,negative
واکنش تکنیکالی زیبا. پولبک به سقف تاریخی. حجم بالا روی ناحیه حمایتی,negative
اصلا سهم نگاه کنید امروز داشت برمیگشت من نمیدونم چرا یه سری کلا میخواستن مفت بفروشن. داری چکار میکنی واقعا,negative
مسلم جان از نیسان چه توقعی داری,negative
بعضی سهم ها رو میری کامنت سهام داراشو میخونی تحلیلاشونو کیف میکنی این سهم هم تکلیفش مثل سهام داراشه,negative
شنبه خروج میکنم الکی بازیش میدن تا 2500هم افت داره,negative
حقوقی داره می فروشه نمیزاره مثبت شه,negative
والا هر روز اخرین فرصتشه که منفی بخوره,negative
ببرین منفی 5حقوقی آشکارا با کد حقوقیش بخره نه کد حقیقی,negative
بوق 1011 بزن,negative
الان پنچر میشه,negative
تا میتونید بفروشید خبر بدی توو راه امروز نفروشی شنبه قفل میشه دیگه نمیتونی بفروشی,negative
یه عده ریختن اینجا فکر کنم سرمایه همشون رو هم 40 تومان نشه بعد یه عده دیگه گوش به حرف اینا میدن. !. آخه نمیدونم وقتی وارد بورس شدی چیزی به اسم اصلاح شنیدی؟ یه ماه هر روز مثبت 5 بود این 5 روزم روش اصلا آقا ده روز. سهامداری صبر میخواد حوصله میخواد که ندارین.,negative
تا حقوقی نخواد کاری نمیشه کرد داداش. تا میاد جون بگیره فروش میزاره باز,negative
خوش به حالت حداقل از 10 سهم یکی منفی من تمام دارایی 5 میلیون بوده گذاشتم خزامیا خپارس فولاد گرفتم مثبت بود از همون روز هرسه هر روز 5منفی نصف پولم هم رفته هنوزم امیدوارم ولی نمیدونم چی میشه توکل به خدا 😔,negative
مطمئن باشین این اعداد و ارقام کاملا دستوری هستن یه عده هم که برا بازار بورس برنامه ندارن و موج سواری میکنن با این اصلاح ها میترسن و پیاده میشن ، روند بازار اصلا طبیعی نیست سهم هایی مثل خزامیا ، شپنا ، شتران ، شبندر و خیلی از غول هایی که ورود بهشون حسرت شده بود الان صف فروش هستن و این یعنی دارن جیب مردم رو خالی میکنن,negative
کل پرتفو این بچها رهاوردو جمع کنی 100 میلیونم نمیشه,negative
بی ش ر ف ها قبلا منفی5 میخوابیدن الان منفی 4.90. خوب گ ا و بردار درخواست فروش رو. گ ا و صبر کن مثبت 5 بشه بفروش. گ ا و بازار منفی هست. چی داری میخری,negative
ار روزی که خریدم هی میگن فردا صعود میکنه پس فردا صعود میکنه. من نمیدونم چه بلایی به سر بازار اومده که چند ماه پیش شانسی هم سهم انتخاب میکردی یه ماهه کلی سود میکردی الان واسه ما فاز اصلاح و استراحت و جبران و تعدیل و ازین مضخرفات گرفتن,negative
صف خرید چی میگع😐,negative
Jaz حالت خوشه؟. سیو سود باید 3500 میکرد ن 2600,negative
احتمالا شنبه با تاچ 26000 پایان اصلاح باشه. همه چیز به وضع کلی بازار ربط داره .اگه از حدود 26000 حجم معامله درستی نخورد دوستان به میل خودشون سیو سود کنند,negative
اینجا بزرگترین گوهدونی تاریخه همه چی رو میدزدن و با سلیقه کنترلش میکنن,negative
اقا نمیخان سهم مثبت شه تا میاد جون بگیره. حقوقی نیاد ضرت میفروشه بفاک میده.,negative
من که 4 تومان خریدم اینقدر تعریف کردن الان 600 هزار تومان ضرر کردم 🤪🤪🤪😆,negative
غنوش هم حقوقی داره. ما هم حقوقی داریم🤦‍♂️🤦‍♂️🤦‍♂️🤦‍♂️,negative
بازم منفی میخوره .تعدیل نکنید فعلا,negative
زنگ بزنید شرکت بگید این چه وضعشه. دو تا حقوقی درست حسابی ندارید سهم رو نگه داره,negative
نزدیک 30 درصد اصلاح شده. چقد دیگه باید اصلاح بشه که از ما بکشن بیرون!,negative
از اینکه خزامیا هی میاد بالا بعدش دوباره میریزه اینو میشه گرفت یه عده نمیزارن سهم بیاد بالا,negative
بیاییدگم شیدازصف فروش بیرون دلتون برای خودتون ومالتون بسوزه,negative
از روزی که من اومدم منفی شده,negative
چه زود صداتون دراومد تازه 5 6 روزه داره منفی میخوره بیا برو فاسمین رو ببین چه بلایی سرمون آورده پدرمونو درآورده,negative
این سهم دگ سهم نمیشه ب فنا رف دست نااهلاشه ک سواد ندارن,negative
واقع خریت یه سری شاخ و دم نداره. یکی از اینایی که تو صف فروش بیاد بگه واسه چی رفته تو صف فروش دلیلشو حداقل بدونیم,negative
این بعد افشای الف یکی واردش شده که پا قدمش نحس بوده😂. هرکس خودش میدونه پا قدمش نحسه بکشه بیرون از این سهم خواهشا😂,negative
سهامدارهای عزیز همه برید صف فروش ، که حقوقی از خواب بیدار شه یه حرکت کنه ، صف زیر 100 میلیون مسخره بازیه برای زامیاد ، همه برید صف فروش,negative
چقدرمنفی,negative
دوباره صففروش شد,negative
دیگه داره میره رو مخ,negative
یکی از حرفه ای ترین تحلیلگرا رو دیدم. هفته پیش گفته بود که توی چند روز آینده شاخص 2 میلیون رو میشکنه. مثل اینکه اونم دیگه تحلیلش اشتباه در اومد. این بازار تنها ناجی اش دلاره. تا دلار شروع به حرکت نکنه بازار همینه,negative
من از کف رفتم سقف از سقف اومدم کف … قیمت منفی 2 بود میزدم صفر. قیمت منفی 4 بود میزدم منفی 2. نمیخره ک نمیخره. از ساعت 9:9 دقیقه تا ساعت 10 ک الان باشه ن میگه خریده ن میگه نخریده ... پولم هم بلاکه. کارگزاری آشغالی هست م ف ی د. هنگه هنگه,negative
دیگه رو مخ رفته زود باش دیگه,negative
نمیخره نمیخره ... مفید ل ع ن ت ی پولم رو بلاک کرده. حسرت میخورم نمیتونم منفی 5 خزامیا بخرم,negative
کاش میشد یه مکاتبه ای داشت با حقوقی های این سهم. بهشون بگیم انصافا چیکار میکنید انصافا. خوابید؟ 😂. دقیقا شنبه این هقته داشت بر میگشت سهم که حقوقی نزاشت. الان وقتشه که سهم رو بر گردونه که معلوم نیست کجان,negative
اگه امروز مثبت نخوره من فردا خالی میکنم دیگه. 500 هزار تا داشتم 200 هزار تا دیگم هم پری روز خریدم. دیگه اگر بر نگرده وقت تلف کنی هست. اون 200 هزارتا الان 40 میلیون تو ضرره,negative
خزامیا کف شکست دیروز. فقط خدا میدونه دیگه این تا کجا سقوط میکنه,negative
دوستان کار حقوقی نیست. من سهم خزامیا دارم امروز داشتم کف اضافه میکردم نفر 4 ام بودم. کف قیمت ک داشت بهم میرسید حقوقی کشید بالا ب ی ش ر ف. نتونستم بخرم لغو زدم درخواست رو بیشتر کردم یهو پولم رو بلاک کرد ن میدونم خریده نخریده. چی شده ن الان میتونم بخرم ... فقط پولم بلاک شده ... خیلی ها اینطوری شدن ... لعنت ب هسته آ ی ر ا ن ا ی ر ی,negative
سهامدارش گاوه 5مثبت شه میفروشم خاک تو سرشون ینی افشا رو شما منفی باز کردین ببین شما کی هستین😑,negative
رفتیم منفی 5 باز,negative
الان یسری ها میگن کد ب کده. نه اقا. سهامدارش گاوه. برسه به مقاومت بعدی خودمم میفروشم چون گاون اینا,negative
دولت زحمت کشید ب قدری ب هسته ر ی د ک نشه خرید. کف قیمت زدم آخرین لحظه صف رو ریخت. قیمت بالا زدم معلوم نیست خریده یا ن ... سهم داشت راحت مثبت 5 میشد چیکارش کردن,negative
یعنی خاک عالم بر سر یه سریرسهم تا 29 تومان امد بالا باز یه سزس رفتن تو 29.5 دارن میفروشن. یعنی واقعا خاک تو سرتون,negative
تو کف نفروشید. صف فروش نکنید ، امروز با 5 منفی بسته نمیشه. نزارین نوسان گیرا وارد سهم بشن و سوء استفاده کنن,negative
خزامیا لعنتی ها صف رو نشکنید ... کف قیمت 15 تومان خرید زدم ... چند لحظه حذف سفارش نزنید ... الان نتونن خزامیا بخرم تا یک ماه دیگ نمیشه خرید,negative
اون حجم توو صف خریدو میبینین فیکه بالای 12 میلیونه. ولی نمایش نمیدن تا توی سهامدار بفروشی توو کف.,negative
همچی حجمی هم نخورد. فردام منفیه تا سرو کله حقوقی ها پیدا نشه. احتمالا این سهام رو با بانک دی اشتپ گرفتیم این نیسان قوزوه,negative
از نیسان آبی همیشه متنفر بودم امروز که سهم خزامیا خریدم و صف فروش شد متوجه شدم علتش چی بوده. توی یک روز 8 درصد ضرر سوزش زیادی داره چشمهای آدم پر اشک میشه. تجربه خیلی بدی بود توصیه نمیکنم,negative
یا باید فردا با مثبت 5 باز بشه که نوسانگیر دستش خالی بمونه. یا اگه با قیمت پایین باز شد کسی نفروشه تا نوسانگیر سهم گیرش نیاد تا بخواد رو مثبت 4 خالی کنه. یا حقوقی حمایت کنه ( نه نوسانگیری ). در غیر این صورت با توجه به معاملات امروز که نشون میدن نوسانگیر رو سهم فعال شده سهم پایین تر هم خواهد رفت,negative
تا 2400 میاد پایین متاسفانه,negative
هنوز فشار فروش هست,negative
با توجه به رش شارپ چند ماه گذشته اگه فردا هم منفی خورد با توجه به حجم امروز حتما حد ضرر رو رعایت کنید,negative
اقا کی مثبت میشه؟,negative
شنبه باید بره برای رشد اگه نرفت بفروشین,negative
دید این قضیه که سهم تا چن روز اصلاح داره همش الکی فقط خودمونا گول میزنیم البته سمپاشا کارشون عالیه وگرنه خودتون دید تا 90 میلیون حجم از بین رفت سهم سریع بالا امد تو مثبت 5 خریدار داشت ولی چه میشه کرد باز یه سریها راحت سهمشون با قیمت پایین میفروشن,negative
روزهای خوب بورس داره تموم میشه.,negative
دوستان خداوکیلی یکی که درست سر در میاره ، جواب بده ، تا کی قرار منفی بخوریم؟,negative
من احمق تو مثبت 5 ، 10 میل اضاف کردم ؛ جوگیر شده بودم,negative
یکشنبه برمی‌گرده,positive
الان در اصلاح موج 4 ، نوسانی میشه از این به بعد تا ببینیم کی موج 5 شروع میشه,positive
عشقم از600باهتم چرا این کار می‌کنی از شنبه شروع کن روت حساب کردم برای ویلا روخپارس200 برای خونه رو دی400 مزدا به امید خدا,positive
اکر میخواید بخرید شنبه اول صبح بخرید چون هر چه قیمتش میره بالاتر.,positive
هر سه اندیکاتور MACD ، RSI ، CCI واگرایی صعودی نشون می دن. دیگه موقع بالارفتنش هست,positive
سهم به احتمال فراوان شنبه مثبت ولی راه میده واسه خرید به نظرم یکی دو روز درجا بزنه بدش کلا کلا بیرون کرد خودشو پرتاب کنه تا 5000 تومان,positive
حتمن برین ریز معاملات دیروزو ببینین از شماره 1 تا 48 :),positive
شنبه فرصت خرید زیادی نمیده بخرید تا رستگار شوید. تا مهرماه 7/500 رو میزنه,positive
واگرایی بین قیمت و اسیلاتور ها. هدف اول 4800 تومان. هدف دوم 6200 تومان,positive
خزامیا از یکشنبه بر میگردد تا فرصت باقی است خرید کنید ، پرسود باشید .,positive
امروز الکی به جای پنج درصد سود منفی خوردیم ... ..فقط به خاطر این که یه سری فقط میخواستن خارج شن از سهم حتی اگه صف فروش ریخته بود. دیگه از این به بد خزامیا آماده واسه رشد کردن دوباره بد چن بار سود دادن همینا میان واسه خریدش,positive
رشد 50 درصدی هزینه تولید قطعات خودرو و احتمال اعمال نرخ طی 2 ماه آینده. به گزارش پایگاه خبری بورس پرس ، مازیار بیگلو درباره بحث‌های مطرح شده مبنی بر ایجاد قطب سوم خودروسازی و مذاکره با برخی شرکت‌های خارجی به فارس گفت: بعید می‌دانم خودروساز خارجی باتوجه به شرایط فعلی حاضر به سرمایه‌گذاری در ایران باشد. در مورد چینی‌ها نیز تجربه نشان داده هر وقت در ایران حضور داشته‌اند اقدام خاصی برای داخلی‌سازی قطعات انجام نداده‌اند. وی درباره نامه‌نگاری شرکت ساپکو با قطعه‌سازان برای به‌ روزرسانی قیمت قطعات در قرارداد با ایران‌ خودرو نیز توضیح داد: جلسات در این خصوص در حال برگزاری است و قطعه‌سازان مدارک را ارائه کرده‌اند. با توجه به بررسی‌های در حال انجام امید می رود طی 2 ماه آینده در مورد به‌روز رسانی قیمت قطعات 160 شرکت به جمع‌بندی برسیم. این فعال صنعت قطعه سازی ادامه داد: البته این به‌روز رسانی قطعات بر اساس نرخ تولید تا پایان تیرماه است و پس از آن بر اساس نوسانات قیمت‌ نهاده‌های تولید اگر نیاز باشد مجدداً بازنگری صورت خواهد گرفت. قیمت قطعات برخی شرکت‌های قطعه‌ساز حتی برای سه ماهه آخر سال 98 نیز به‌روز رسانی نشده است. به گفته بیگلو ، قیمت مواد اولیه و ارز از ابتدای سال تا پایان تیرماه برای قطعه‌سازان 40 تا 50 درصد افزایش داشته که افزایش قیمت 30 تا 40 درصد باید بر روی قطعات اعمال شود. در عین حال این افزایش قیمت بر روی خودرو 10 درصد کمتر از این ارقام خواهد بود.,positive
دیگه کلمه افشا با این کار فروشندهها خوشایند نیست. انشاله این بار برا من و همه خوب باشه,positive
برنده مزایده خرید 100 درصد سهام شرکت ایران کاوه سایپا شده 100 درصدشو خریده,positive
لطفا از برنده شدن مزایده اش بگید عالیه این سهم چی میخواید دیگه از یک سهم,positive
سلام بچه ها خزامیا افشای الف زده چرا هیچکس نمیگه؟ تو کانال حسین زمانی دقیق متنشو گذاشته که برنده مزاینده شده شرکت زامیاد تو رو خدا شنبه از این سهم ناب حمایت کنید کشتنمون نوسانگیرها از بس تو کف خریدن تا رسید بالا دوباره فروختن,positive
حتی اگه کل موجودیم منفی بخوره من پای انتخابم هستم چون ایمان دارم خزامیا ضرر هام و که جبران میکنه هیچ ، جیبمم پر پول میکنه,positive
از خزامیا خیلی به ما رسیده حالا نوبت وفاداری ما به خزامیا هست,positive
خزامیا i lo7e u,positive
سلام خدمت دوستان. اولین سهمی که من پارسال وارد پرتفوی کردم خزامیا بود ، و واقعا سهم خوش یمنی بود واسم ، من یک ساله پای این سهم وایستادم و روزی نبوده تموم شه و خزامیا داخل پرتفوی من نباشه ، به قول بزرگان سهم پدر مادر داریه ، این روزای منفی هم میگذره و حتی اگه کل موجودیم بره تو منفی من پای انتخابم وای میستم چون ایمان دارم این سهم واسم جبران میکنه هرچند تو این یک سال از خزامیا خیلی به ما رسیده. در کل سهامدار باشیم ، خزامیا عاشقتم,positive
سلام. اونایی که میفروشن ، نمیدونن که خبرهای خوب توروزای تعطیل میاد که دستشون کوتاه بشه ازسهم ، امروز آخرین روز منفی خزامیادبود 9 تا کندل منفی ، اینو هییت مدیره از منو شما بهتر میدونه که خبرهارو کی بذاره رو کدال ، هییت مدیره موفق یعنی این ، نوسانگیر بای بای ، سهامدار پولدار ، بمب خزامیاد تازه داره خودنمایی مبکنه ، انفجار شروع شد,positive
شبتون عالی باشه رفقای عزیزم. من با نظر دوستمون eiman4778 تا حدودی موافقم ؛ جو حاکم توی بازار امروز نگذاشت و یا بهتر بگم نخواستن که خزامیا مثبت بخوره. 👈 بهتره برای روز شنبه این اشتباه رو تکرار نکنن دوستان سهامدار و فروشنده نباشن. البته هر کسی صاحبه مالشه ولی بعضی اوقات بهتره به فکره منافع جمعی هم بود .و نفع شخصی رو گذاشت کنار. برای همتون ارزوی سلامتی و دلخوشی دارم .,positive
من خودم امروز خزامیا خریدم و خیلی از حجم پرتفوی من الان خزامیاست ولی الان که اندیکاتورهای bb و rsi و cci و macd و MA 30 روزه رو نگاه میکردم به احتمال زیاد از یکشنبه بر میگردد و احتمال فراوان شنبه منفی باشد,positive
یادش بخیر روزای اول اصلاح خزامیا میگفتید از خپارس یاد بگیرید حالا اونا شاید بگن از خزامیا یاد بگیرید باز خدا رو شکر ما یکم روز بازگشایی مثبت بودیم,positive
دو تا افشای اطلاعات بزرگ در راه است. .,positive
اصلاح این سهم 3شنبه تموم شد. امروز باید مثبت میشد. متأسفانه حجم سنگین فروش سهم خزامیا را زمین گیر کرد. مطابق تمام تحلیل های تکنیکال امروز باید و باید مثبت بسته میشد. حجم فروش و کاهش تقاضا خزامیا را فلج کرد. سهامدارن عزیز این واقعا یک هشداره. اگه حمایت نکنید و همینطوری ادامه پیدا کنه ریزش سنگینی خواهیم داشت و به این زودی برنمیگرده ... اگر نفروشید و نروید داخل صف فروش دوباره اوج میگیره. نشر بدید لطفا. خواهشاً,positive
اونایی که میخواستن بفروشند تا الان فروختن از این به بعد بفروشین ضرر کردین چون اصلاحش تموم شده و‌دوسه تا مثبت بزنه ضررمونم جبران میشه نگران نباشید,positive
سهامداری بی شک هدف بالای 6000,positive
تا فلت کیجونسن میاد با هدف 5500,positive
سلام من این سهامو ندارم. ولی قول میدم شنبه مثبت میشه. اگر مثبت شد برام دعا کنید ممنون. مطمعنم مثبت میشه,positive
شنبه خزامیا روز خوبی خواهد داشت,positive
من الان 18 درصدتو ضررم یعنی 4 روز پشت سرهم مثبت بده میشم سربه سر😂ولی عیب نداره سهم بنیادی50 درصدم اصلاح بده بالاخره بنیادیه.ولی خداکنه دیگه افشای الف نده😂,positive
این سهم آماده واسه یه رشد شارپی دیگه منفیهاشم داده فقط نیشه گفت یکم سهام داری کردن باعث میشه سهم راحت دوباره 200 درصد دیگه سود بده,positive
دوستان همچی با صبر وسهام داری حل میشه امروز اکثر سهمهای بنیادی منفی بود شاخص تو دوملیونی مقاومت داره بقولی این نیز بگذرد,positive
خزامیا تا 2600 پایین میاد ، فکر کنم بهترین فرصت برای خرید امروز بود ، اون هفته انشالله سبزه ، موفق باشید.,positive
دوستان اگر فکر می کنید این سهم ارزنده ست (که هست) دیگه ناراحتی و نرو تو صف و. نداره. اصلاح عمیق کر زخمی شدیم اما خیال مون راحت شد 😂. وقتی که شما فکر می کنید سهم ارزنده ست ، به تارگتی که مد نظرتون هست خواهد رسید. انشاله نهایتا تا اواسط هفته آینده همون نیسان آبی 😍 خودمون میشه.,positive
فقط. سهامداری. سهامداری. سهامداری. بفروشین طلا چی بخرین,positive
خزامیا به احتمال زیاد یکشنبه مثبته شنبه هرکسی میخوادورودکنه یا اضافه کنه موقشه من دوساله بااین سهمم باهاش رفتم مجمع دوباره با 130 تومان اضافه کردم این سهم خیلی بی حاشیه ست تا آخرسال سهامداری کنید مطمئن باشیدسود سرشاری بهتون میده .موفق باشید,positive
با نیسان دارم می‌رم کلید لکسوزم رو بگیرم,positive
با توجه به تمام اصلاح هایی که خزامیا از آخر 98 تا الان انجام داده تو محدوده 0.38 قویترین حمایتو داره و به احتمال خیلی زیاد شنبه سهم بر میگرده .احتمال داره چند روز به حالت ساید باشه و بعد برا 6000 تومان استارت بزنه,positive
به امید خدا از شنبه با لیسان آبی گازشو میگیریم همرو له میکنیم,positive
هورا از پایانی منفی 5 شد منفی 4,positive
حقوقی تو کف داره درو میکنه,positive
دیگه همه پیاده شدن راه بیافت دای,positive
میبینین حقوقی تومانفی 5با کد حقوقیش علنا اضافه میکنه,positive
خزامیا پیش به سمت صعود,positive
خزامیا امروز اخرین فرصت ورود هست. بازیگر عمدا ضف خریدش نمیکنه که نوسانگیرا سرکلشون پیدا نشه. این همه حجمی که میخوره بی دلیل نیست. انرژی میگیره واسه رفتن به سقف کانال جدید در محدوده 12000 تومان,positive
بزنید کنار نیسان اومدد😂,positive
نگید نگفتی. خزامیا را امروز دریابید. سیگنال خرید VIP هست. از تنها خوری خوشم نمیاد. شما هم امروز بخرید شنبه دعام کنید,positive
یا علی یک دست بگیرین راه میفته. 🤣🤣🤣,positive
برو بخر,positive
داداش دیکه بسه همه رو پیاده کردی بسه حرکت کن,positive
سهام داره عمده یدونه ام نفروخته حواستون باشه,positive
خزامیا امروز آخرین مهلت خرید رو داد. قدرت خریداران رو به افزایشه پس شنبه مطمئنا مثبت و یکشنبه به بعد تا رسیدن به تارگت 6000 تومان در صف خرید قفل خواهد بود. فرصت را دریابید,positive
رو نقطه حمایتی هستش. شنبه نهایت یکشنبه حرکت مثبتش شروع میشه خزامیاد بنیادش قویه حرکت خزامیا شروع بشه الباقی خودرویها هم حرکتشون شروع میشه .,positive
صلاح خزامیا تموم شد ولی نمیدونم یه سری چی تو سرشونه یکم صبر کنید نفروشید مفت سهم میره بالا,positive
خدا بخاد داره برمیگرده,positive
صفا جمع شده نفروشین,positive
از صف فروش صدمیلیونی رسیدیم صف 12 میلیونی,positive
فروشنده کمتر ازهزار نفرشده نفروشن برمیگرده,positive
فروشنده کمتر از هزار نفر که نفروشن صعودی میشه,positive
این صفهای 2 نیلیون 3 میلیونی رو ریز ریز داره جمع میکونه گول نخورید,positive
مناسب ورود پله ای.در بازار سراسر صف فروش .حجم خوبی زد.هفته دیگه بازدهی مناسب.,positive
دوستان لطف کنید زودتر بفروشید میخوام بخرم,positive
باید تا 2400 بیاد پایین بعد میکنه میره بالا,positive
داره بر میگرده,positive
من خودم خزامیارو از 158 تومان دارم تا 10000 تومان هم باهش میمونم,positive
پنجره رو بسته امروز فردا رشدش شروع میشه,positive
تبریک به همه سهامداران. چه خبرای خوبی داره میرسه. خدایا شکرت. زامیاد برنده مزایده 100 درصدی شرکت ایران کاوه سایپا. هفته دیگه غوغاست,positive
سهم تا 26 اصلاح داره. یعنی شنبه برمیگرده. کاملا هم تکنیکالی داره عمل میکنه. حالا ی عده من موندم چرا دارن خودشونو میزنن به در و دیوار. بابا یکم صبرم خوبه. زود پز نیستا ، بورسه.,positive
بفروشید میخام بخرم,positive
دوستان هر کی سهم فروخت بخرید تضمین سود با من,positive
امروز احتمال 95 درصد صف خرید میشه. خبرهای خوبی از سهم اومده. موفق باشید .,positive
یا برمیگرده امروز. یا خبری در راهه برا شنبه,positive
منتظر شارپ خزامیا باشید😁,positive
کل بازار تا سه روز آینده منفی کامله. بعد از یکشنبه هفته آینده دوباره بررسی باید بشه فعلا وارد هیچ سهمی نشید دولت با این عرضه های وحشتناک بازی خطرناکی رو شروع کرده ، اگه ادامه دار باشه خروج وحشتناک نقدینگی و هجوم به بازار موازی دلار و نهایتا دلار در آینده نه چندان دور 38 هزار تومان رو مبینه. البته گفتم که اگه این روند عرضه ها ادامه دار باشه. یا علی,positive
اختمال داره فردا مثبت بشه چون امروز خوب حجم خورد,positive
فردا کنفی نمیشه که میانگین کم کنید. با این حجم‌ امروز شک نکن سهم مثبته تا هفته بعد,positive
فردا هر چی بفروشید ما اضافه میکنیم.,positive
اصلاح خزامیا تموم شده امروز با حجمی که خورد. از این به بد واسه یه رسد شارپی دیگه خودتونا آماده کنید,positive
حجم بالای معاملات نزدیک حمایت سهم یعنی شروع روند صعودی,positive
حجم 220063m بعد از اصلاح یعنی شارپ,positive
هر اصلاح فقط فرصت خرید,positive
خزامیا امروز فرصت خریدش بود اگه قضیه اصلاح شاخص نبود حتما صف خرید می شد,positive
فردا منفی 5 خریدم کنین و مثبت 5 بفروشین 8.65 ٪ سود کنین به بنده هم دعا کنین. مچکرم 😎,positive
صف فروش امروز جمع شد از فردا میره واسه صعود فردا زمان ورود به سهمه نه خروج چون اصلاحشو کرده حقوقی ام کلی خرید کرد,positive
خزامیا بهترین سهمه هم خودرویی هم بی رقیبه امروزم اونایی که صف فروش بسته بودن همه رو درو کردن نگران نباشین و یکم صبر داشته باشین 20 روز مثبت خورده دوروزم منفی چی میشه مگه,positive
ناحیه حمایتی سهم,positive
خزامیا تا 2600 میاد پایین انشالا همگی به زودی سود میکنیم.,positive
شاخص گروه خودرو اصلاح داره ، اینجا هر چی میگن باید عکسش عمل کرد ، نوسانگیرا کامنت های جذابی میذران,positive
امروز 100 درصد صف خرید میشد بخاطر جو روانی رو شاخص 2 میلیون عرضه ها بیشتر شد وقتی شاخص 2 میلیون رد کنه سهم خوب گیرتون نمیاد دیگه باید برید بجهرم بگیرید گه 3 ماه درجا میزنه,positive
⚜شرکت زامیاد به جمع تولید کنندگان محور اکسل جلو و عقب پیوست.⚜. به گزارش کانال همبستگی کارکنان زامیاد این شرکت برنامه تولید محور اکسل خودروهای داخلی خودش را داره. 👈در حال حاضر روزانه ده دستگاه بصورت آزمایشی تولید میشود و تا اواخر شهریور تولید انبوه شروع میشود. این حرکت باعث قطع نیاز از شرکتهای واسط هست و تاثیر مستقیم در سود آوری دارد,positive
به گذشت نمودار نگاه کنه همیشه بد یه رشد شارپ 20 تا 25 درصد اصلاح کرده بد دوباره شارپ رفته. به احتمال زیاد فردا صعود میکنه,positive
احتمال زیاد فردا اگه منفی بخوره بره توی سفارش گیری به خاطر تغییرات بیش از بیست درصد بدش شروع به رشد کردن کنه. پر سود باشیم,positive
- کندل برگشتی زد روی خط حمایت. - 7 برابر حجم متوسط ماهیانه معامله شد. اینا یعنی از فردا پرواز شروع میشه,positive
سلام. خزامیا اگر حمایت 0.786 فیبو رو نشکنه و قیمت بالای 3000 بره. تارگت بعدی 5900 و اگر رد کنه بعدی 9300 هست .,positive
سلام. امروز روی حمایت قوی 2800 قرار گرفت. خوب داشت بر میگشت که به اصلاح شاخص خورد. از اینجا به بعد دیگه اصلاح نداره و فقط به کلیت بازار. //شاخص// مربوط میشه. تا امروز فرصت فروش نمیداد از امروز هر کی بخواد میتونه بفروشه یا سهامداری کنه,positive
یه هفتس تو کمین این طلای نابم امروز خریدم تو کف فردا از فردا میره واسه صف خرید. با خیال راحت سهامداری کنید. امسال ساله پالایشی فلزات اساسی و خوردیاس البته بانکام خوبن,positive
اگه فردا منفی بود من تا اخرین ریال پولم از این سهم میخرم,positive
دارم فکر می کنم اونایی که فروختن چه حالی دارن واقعا فکر نکردید که پرا باید حقوقی ها 5 روز نه بفروشند نه بخرن از شنبه مثل سابق زامیاد شروع میکنه به سوددهی شارپی,positive
خداروشکر اون 5 هزار نفر خارج شدن احتمال زیاد فردا مثبت بزن,positive
حجمی ک امروز حورد 10 برابر حجم مبنا بود. حتما ک خبریه,positive
من امروزر 300 میلیون رو اضافه کردم,positive
حجمی که امروز خورد هشت برابر میانگین حجم ماهیانه است. اهل فن دانند و بس!,positive
پیج آرزوهها,negative
همین ها که در حال سم پاشی خودرو یا خساپا هستند الان رفتن تو سایت ایران خودرو واسه ثبت نام:),negative
جدا از بحث تخصصی و تکنیکال و فلان اینقدر سر تازه واردها قر نزنید تازه واردها فقط گاز میدن دنده دست اساتیده یه صف خرید راه بندازین ببینین تازه کارا چطور میریزن توش مشکلی نداره. ولی خدا وکیلی اونایی که 100 درصد رو دیدن چطور تونستن خودشونو راضی کنن تو 18 درصد بفروشند اصلا بعدش با خاک یکسان نمی شد ، چطور دلتون اومد,negative
دوستان عزیز کشور ما متاسفانه حال روز سختی داره فشار تحریم ها خیلی زیاده و روز به روز سخت تر میشه اوضاع بزرگ ترین و قدیمی ترین مارکت ایران ک بگین زیان ده هست وای به حال شرکت های کوچک ترش کنن لاقل ایران خودرو سایپا تحت حمایت دولت هستن اون غیر دولتیا چطور؟ واقعا فکر میکنین اگه بیاین اینجا و بگین ایران خودرو زیان ده هست همه ازش فرار میکنن و میان سمت سهم های شما؟ با سقوط این دو غول انحصاری خودرو سازی هیچ شرکت ریز و درشتی جان سالم بدر نمیبره جهت اطلاع عموم تو تویت گذاشتن هام از چند نفر ک الکی پیجشون بالا امده گله نکنین سقوط ایران خودرو مساوی سقوط کل صنایع ایران,negative
شنبه هم خودرومنفی مطمعن باشید,negative
دوستان تازه وارد مراقب باشید اینهایی که میگن شنبه مثبت و با خبر های پیشخور شده افزایش قیمت خودرو دارا دوم این چیزا فقط میخوان شما رو فریب بدن تا شنبه سهمی که 1000 درصد رشد کرده و به سود رسیدن بندازن بهتون صف میلیاردی فروش حالا حالا ها جمع نمیشه و دچار ریزش شده پس با خرید اشتباه رو نوک قله فقط باعث رهایی این ادمها از صف فروش میلیاردی با سود 1000 درصد و گرفتار شدن خودتون میشید مراقب باشید حباب سهم های دولتی شروع به تخلیه کرده و بازار یواش یواش داره میره سمت سهم های بنیادی و کوچک دیگه موفق باشید مراقب,negative
وقتی بازار شنبه منفی هستش همه سهم ها منفی میشه,negative
بابا وقتی میرین تو صف فروش خوب معلومه ما رو هم بدبخت می کنید ... ای کاش نتیجه کار فقط به خودتون بر میدگشت. .افسوس که عواقبش برای همه هست,negative
به نظرم اگر دوباره ملت جوگیر نشن و تو صف فروش نرن خود حقوقی خودرو شنبه مثبتش می کنه..فقط به شرطی که فروشندگان محترم بگذارن ... .,negative
من حدود 8000 سهم گرفتم اما متاسفانه الان حدود 7 درصد تو ضررم,negative
واقعا بعضی ها قیمت مقایسه میکنن میگن سهم قیمتش 900 تومان خیلی مفته :) خدایی دو خط بخونین میفهمین قیمت سهم اهمیت نداره ، موضوع تعداد سهم هست که واسه ایرانخودرو اگه اشتباه نکنم 300 یا 400 میلیارد سهم داره ، هرچه تعداد سهم بیشتر باشه قیمت سهم پایین تر میاد ، مثلا وملی کلا 296 میلیون سهم داره قیمت هر سهمش 80 هزار تومان هست. لطفا این موصوع قیمت سهم جایی نگین که کلا بورس می برید زیر سوال,negative
من بازم متعقدم از ماست که بر ماست. ..یک کمی از بچه های خساپا یاد بگیرین ... .ولله اونجا هم سم پاس زیاده,negative
من در جریان منفی شدن سهم تا حدود زیادی خودمون رو مقصر می دونم. شما دیدین چهارشنبه حقوقی فروش نزد و تنها جو گیران تازه وارد فروش زدن ... .اقا اصلا یه خواهشی دوستان جدید اصلا شنبه بورس رو بی خیال شن ... ,negative
خودرو خساپا اصلاح داره..,negative
مقایسه های قیمتیتون خیلی خنده داره. عیب نداره ازتون بیشتر از این انتظار نمیشه داشت وقتی سواد این شغل رو ندارید معلومه بازار بورس رو مثل بازار تره بار و بقالی میبینید.,negative
روی 640 برمیگرده احتمال خیلی زیاد شنبه انتهای معامله تقاضا زیاد میشه و یکشنبه صفه. این نظر بنده هست,negative
این لگن هم رفت بجمع بصادر و. وتجارت پیوست.,negative
دوست من صف فروش چه 100 ملیون باشه چه 10 ملیون چه فرقی میکنه وقتی خریدار نباشه😂,negative
من فقط موندم چرا بعضی از جو زدگان وقتی می بینند صف فروش شده و خریدار هم نیست تصمیم به فروش میگیرن و صف و سنگین میکنن. آخه لامذهب تو که میدونی امکان نداره بفروشی حداقل صف و سنگین نکن. میخواهی بفروشی تو مثبت بفروش. وای خدا,negative
فقط تعصب به سهم توی پرتفو ؛ توی بازار ندیده بودیم که به لطف بعضی از دوستان اینم شاهدش هستیم. جل الخالق ... همین مونده سر سهام یه شرکت دعوا راه بیوفته. خدا وکیلی فاز بعضی از دوستان چیه که تعصب به سهم دارن ... ... رفیق من ... دوست من ... یکم منطقی باش ... چهار روز دیگه اگه سهم منفی بخوره لابد میخای بری شیشه های سازمان بورس و شرکت بیاری پایین ... .اگه هم مثبت خورد (که ایشالا بخوره) حتما میخای ک ... ..,negative
الفاتحه. دلتون رو خالی کنم؟ دل خودم که خالی شده. پول هوشمند از خگستر و خودرو خروج کرد ... ... ... ... .و این یعنی فاجعه,negative
سلام. بنده به شخصه اعتقادی به اصلاح و ... ندارم. متاسفانه بورس کشور رو تعدادی آدم بی وجدان و ... اداره میکنن. چرا وقتی سهم یک هفته رشد داره کسی دم از اصلاح نمیزنه.فقط و فقط همون آقایون به خاطر سود زنجیره ای که نصیبشون میشه قبل از بازگشایی و بنا به مصلحت خودشون تصمیم به اصلاح میگیرن و نتیجش اینه که ملت متضرر میشن.دوستان اگه نیاز به پول ندارین بزارین بمونه.اینجور سهم بجز رشد راهی نداره و آقایان بی وجدان و ... کاری ازشون بر نمیاد.,negative
1159 درصد برای سهام اران خودرو زیاده برای سهمی که قیمتش یک سنت بوده زیاده الان پس چرا اینقدر طالب داره پول تو حسابتون باد کرده ملت را گول میزنین نوسان بگیرین 😂,negative
طرف میگه سهم 700 تومانی مگه اصلاح داره خخخ. سهم سه ماهه 1157 درصد رشد داشته !. حواستون باشه حرفای قشنگ یه عده خامتون نکنه!. اونی که میگه خونتو بفروش وام بگیر بفکر سود شما نیست!,negative
آدم کامنتای اینجارو میخونه خندش میگیره. !. توهم تحلیلگری!,negative
جناب علی خسروی. راهنمایی اشتباه نکنید. خودرو اشباع از خرید شده. یکم تکنیکال بررسی کنید. خیلیها بیش از 600‎٪ تو سود هستند و مایل به فروش. خودرو بالای 550 تومان برای خرید اصلا جذاب نیست. حمایت اول 590 تومان. بنظر هفته آینده صف فروش بشه تا حجم بخوره و سهامدارای جدید وارد بشند,negative
فقط میتونم بگم اصلاح لازمه سهم هست ولی از خساپا یاد بگیرید تو مثبت بفروشید صف فروش فروختن یعنی هیجان,negative
چون خودرو اصلاح لازم بود عمدی سهام دولتو منفی کردن که تو منفی نتونی بقیه سهاماتوبفروشی خودرو خساپا بخری,negative
کاملا دستوری قصد پایین آوردن سهام های شاخص ساز را دارند,negative
متاسفانه بازار دستوریه. ملت زورشون میاد یه سهمی پس از مجمع 18 درصد سود بده. دولت هم باید ملتو راضی نگهداره. بزارین عرضه و تقاضا واقعی باشه. مگه خودروسازها همیشه اشکشون از کمبود نقدینگی در نیومده. مگه به قول خودشون بدهکار عالم و ادم نبودن. چرا وقتی ملت اینقدر استقبال میکنن از این صنعت که رشد کنه دولت نمیزاره. 650 نفر تو صف فروش حجم 400 میلیون. این یعنی حقوقی میگه ببخشید دستور از وزارته که چند روز منفی کنیم.,negative
سلام خودرو به کف فی بو ناچی خودش رسیده پلبک زده میخواد بره بالا همین بالاهم سر خساپا اومده امروز که پلبکش زده رفته بالا شنبه هم خودرو پولبک میزنه,negative
سلام. دوستان بعد از 10 روز منفی جنبش سهم وپست شروع شد. دیدنش خالی از لطف نیست. صرفاً جهت اطلاع,negative
شما رو بخدا زودتر این بورس رو جمع کنید ببسنیم چه بالایی داره سرمون میاد دو قرون تو بورس داریم خدا تومان وسایل گرون شده صبح تا شب بورس و بورس ول کنید,negative
آقا من نمیدونم چرا همه میگن نفروشید. بابا جان وقتی میبینی 10 نفر میان چند میلیون سهم میزان واسه فروش ، کاملا مشخصه که حقوقی داره میفروشه. حقیقی های فروشنده هم حقوقی هستن. فقط پالانشونو عوض کردن. خلاصه اینکه این منفی شدنا دستوریه. انقد بهم توهین نکنین. فعلا جز صبر از من و شمای واقعا حقیقی کاری برنمیاد. ضمنا رشد تماما شارپی خیلی هم خوب نیست چون موقع اصلاح بدجور میریزه. لازم بود یه استراحت کوچیک بدن که نقاط حمایت بالاتری برای سهم ایجاد بشه,negative
فکر کنم شدیم. بدبخت,negative
رفت تواصلاح بدبخت شدیم,negative
دوستان تازه واردگلمون یه محبتی درحق خودتون و دیگردوستانمون بکنیدویکشنبه هیجانی عمل نکنیدونرین توصف فروش به خداماهاباهم باشیم میتونیم سودکنیم.صبرکردن بزرگترین رازموفقیت دربورس هستشانشاالله همگی پرسودباشین,negative
حقوق چرا حمایت نکرد امروز ؟. یه کوچولو حمایت میکرد همون ده دقیقه اول صف فروش جمع میشد.,negative
حالا تکلیف چیه اگه پول لازم باشیم؟ کاری کردن کسی نخره ... ... .خیلی بازیچه شون شدیم,negative
توی کمتر از یکسال قیمتش 23 برابر شده. حالا شما بدو بدو برو بذار صف فروش. قبلا گفتم الانم میگم کسی که این سهم هارو میفروشه دو حالت داره. یا شدیدا پول لازمه. یا مخ اش ایراد داره. تا 1400 با این نمادها میمونیم. شستا. خودرو. شپنا. فملی. دی. وتجارت,negative
برید این شستارو هم منفی کنید خاطرمون جمع بشه,negative
سهم برکت چند ماهه هر روز مثبت 5 پر کرده به مرز 5000 تومان رد میکته همینحور. اونوقت خودرو میترسه 900 تومان رد کنه,negative
گول حرف اونایی که میگن اصلاح تا 550 رو نخورید بیچاره ها نتونستن بخرن الان کمین کردن,negative
اصلاح تا 550,negative
ازاین سهام حتما داشته باشید خودرو و خساپا و وبصادر و تجارت و شپنا و شتران و شبندر و شبریز و فولاد و فملی و شستا و فارس اینها هستند شاخص رو میترکونن و میکشن بالا الان همه این سهام وارد موج چهار شدن بعضی تازه شروع کردن بعضی به پایان موج چهار رسیدن و موج پنج رو دارن شروع میکنن ، شاخص با اینها زنده است ، بدون اینها ته نمودار هم نمیشه جمعش کرد ، به احتمال زیاد موج 5 بلندی خواهیم داشت ، زمانی که موج پنج این سهام تمام بشه وارد فاز اصلاح کلی شاخص میشیم,positive
در مورد سهمی که افزایش سرمایه داده برید بخونید این سهام گپ یا همون فاصله قیمت قدیم و جدید رو پر میکنن ، و هدفشون میشه همون قیمت سابق ، چه 50 درصد افزایش سرمایه داده باشند چه 5000 درصد ، لطفا اگر هم تبلیغ سهامتون رو اینجا میکنید ، اطلاعات درست به مردم بدید نه برای صف خرید کردن سهمتون اینجا کامنت بزارید ،,positive
شنبه خریداتون رو بزنید باز نذارید صف خرید بشه ارزش قائل بشید برای وقت خودتون من خودرو خساپا خصدرا صادرات تجارت رو گرفتم پالایش و فلزی هم اضافه میکنم یهو میشه صف خرید دیدین دیگه,positive
نگران نباشید شنبه صف جمع میشه البته اگر خگستر شنبه مثبت بشه خودرو صف ملیاردی میشه ولی تا ده روز این وضعیت خواهد بود تا پالایشی ها رو ببرن بالا و بع د از پالایشی ها مجدد رشد شارپی سنگین چون نوبت etf خودرویی ها هستش,positive
هر سه ماه یک بار افشا الف داریم 20 تا 30 درصد افزایش نرخ کارخانه. از لحاظ فروش محصولات تا 3 سال اینده فروخته شده با سودهای مشارکت 10 تا 15 درصد. یه افشا داریم فروش بانک پارسیان. جزو سهمهای ای تی اف سوم که دولت قصد واگذاری داره البته مسلما به این قیمتها نمیفروشه حداقل 100 تا 200 درصد بالاتر از قیمت فعلی واگذار خواهد شد. نمونش شپنا که در ای تی اف دولته نزدیک 4500 تومانه بدیهیه که خودرو با قیمت 900 واگذار نمیشه و هنوز خیلی باید رشد کنه. خلاصه که خودرو بخرید برای حداقل 1 تا 2 سال نگه داری و سود هزاران درصدی,positive
خوردو شنبه اصلاحه اخرشه,positive
سلام. دوستانی که مدام میگن خودرو ریزش داره و فلان ... برن یه نگاهی به خگستر بندازن.از زیر مجموعه های ایران خودرو هست. الان 1200 تومان هست. سود زیادی هیچکس رو خفه نکرده و میتونین بیشتر از اینا سود کنین.پس نفروشیم. شاد باشین,positive
سلام به تمامی دوستان همه میدونید که گروه خودرویی ها در حال حاضر وارد فاز اصلاح شده و این اصلاح همسان با اصلاح شاخص شده که همه عزیزان میتونن در این موقعیت سیو سود کنن و با توجه به نمودار فیبوناچی اصلاح تا حدود حمایت 0.38 % ادامه دارد. که در حال حاضر بهترین کار سیو سود و سرمایه گذاری در گروههای دیگر ، که بهترین ان پالایشی ها اول به دلیل سبد دارا دوم که توسط دولت تعیین گردید و بهترین در این گروه شاوان و شرانل هست که در حال حاظر فاز اصلاح را ان هم در فاز 0.68%که بهترین ومهمترین حمایت است راتکمیل واز شنبه شروع بع رشد شارپی میکند و هم چنین شاوان در پند گروه VIP سیگنال شده و نیز در سبد شرکت سبد گردان اقتصاد بیدار که یکی از بهترین سبدگردانان کشور با تجربه دو دهه در بورس میباشد سیگنال گردیده و با 140% بازدهی قرار گردیده همچنین از افزایش سرمایه از تجدید ارزیابی دارایی های ارایه شده شرکت نفت لاوان به سهامدار عمده ( تامین اجتماعی ) و نیز مورد تایید قرار گرفتن و مراحل پایانی. اینها همه تاکید بر مناسب بودن سهام شاوان میباشد. من خودم سهامدار گروه خودرو بوده ونزدیک 45% از سرمایه سبرم را به خودرو و خساپا اختصاص داده بودم و از اول سال حدود 195% سود کردم که پس از بررسی های لازم و کسب اطلاعات مناسب حدود 35%را از این گروه کم کرده و در روز چهارشنبه شاوان و شرانول خرید کردم و لازم دونستم به تمام دوستان وهمگروهی ها اطلاعات لازم رو بدم ، چون خودم رو در این گروه و سود به دست اورده ام را مدیون راهنمایی بعضی از دوستات و عزیزان بودم. به امید موفقست همیشه سبز باشید,positive
شنبه مطمئن باشید پایانی بالاتر از دیروز خواهدبود,positive
به قول دوستان. بماند به یادگار,positive
شنبه خودرو مثبت مثبت.دو روز منفی دیگه تمام شد و فرصت خرید به راحتی از دست رفت,positive
برگرفته منبع موثق ، خودرو از اول بازار یا میانه بازار روز شنبه کلا صف خریده. هر کس می خواد اضاف کنه فقط اول وقت رو فرصت داره. سالم و پر سود باشید.درود بر خودرو سلطان بی مانند بورس😊💪,positive
یه سهمی مثل غنوش تو سال گذشته 200 برابر شده بعد یه سریا میان میگن خودرو چون بعد از 5 سال 1000 درصد رشد کرده باید یه ریزش اساسی بکنه,positive
این سهم با 650 رفت مجمع. اگر از آن پایینتر بیاید گزارشهای آن زیر سوال میرود. اصلاح در شاخص سازها تا اواسط هفته آینده احتمالا باشد. خساپا آماده رفتن به مجمع هست و اینجا خودرو یکه تاز است و رشدش شروع میشه. بهترین فرصت خرید اینجاست,positive
سلام دوستان با توجه به اینکه حقوقی حتی نیم درصد هم فروش نداشته از نظر بنده شنبه انشالا صف خرید هستش انشالا,positive
حمایت قوی 640 ... ..ولی احتمالا ازیکشنبه صف خرید میشه. شنبه اخرین روز منفی,positive
توجه. توجه. یک خبر خوب و خوش. خودرو و خساپا زیان ده هستند و مشمول ماده 141 و اگر تا آخر شهریور زیانشون صفر نشه تعلیق میشن. قسمت خوبش چیه اگر مبلغ هر سهم به 1000 تومان برسه دیگه حله. لذا مطمئنا باید تا آخر شهریور 1000 رو تاچ کنند,positive
واقعا من تعجب میکنم از بعضیا منفی شدن سهم یعنی اصلاح اصلاح یعنی انرژی گرفتن برای یک رشد جدید,positive
برا دارا سوم دولت باید این سهمو به دو هزار تومان برسونه,positive
من میگم بریم کریس رونالدو و مسی رو بیاریم به این جماعت بگن اقا سهم خودرو رو نفروش..شاید موثر واقع شه,positive
هزارتا خبر خوب هم که بیاد با این هم قطاری هایی که ما داریم 3 رو نگفتن تو صف فروشن ... ,positive
خودرو دوباره گران شد. ایرانخودرو عرضه خودرو را شروع کرد. اینا خبرای امروز روزنامه ها و شبکه های اجتماعی. یعنی صف چند میلیاردی خرید,positive
یک لیدر خوشقلب پیدا بشه اگه بگه مردم نفروشید کسی نفروشه عالیه,positive
سلام و عرض ادب خدمت دوستان و سهامداران گرامی خودرو. خودرو سهم با ارزشیه مفت از دستش ندین. این خود مائیم که صف فروش و خرید رو تعیین میکنیم. مواظب باشید بازیتون ندهند. تا 10000 با خودرو هستیم. شنبه آخرین فرصت ورود. موفق باشید,positive
به گدا هزار تومانی بدهیم قبول نمیکنه ؛. سهم زیر هزار تومان معنی نداره,positive
شاه خودروی ایران. ایران خودرو. فروشنده های دیروز تو صف خرید میلیاردی شنبه.,positive
دوستانی که آتیش می زنید به سهام خودروتون به این نکته توجه کنید که حقوقی خیلی زرنگِ مفت سهام تون رو ندید بره.روزی که بدون نوسان باز شد تو ثانیه های اول 150 میلیون حجم خرید در 1266 تومان داشت پس این هدف رو بزودی رد میکنه.به نظرم نیمه ی دوم سال واسه خودرو جذاب تر میشه,positive
با توجه به تورم ونوسان نرخ ارز وبروزرسانی قیمت قطعات خودرو وافزایش قیمت نرخ محصولات خودرو وخساپانسبت به نرخ ارز وتورم هرسه ماه یک بار افشای اطلاعات بااهمیت الف راه خواهند داشته افشای اطلاعات بااهمیت الف سهم بدون محدویت نوسان بازگشایی خواهد شد وعرضه وتقاضا قیمت رامشخص خواهد کرد,positive
با توجه به تحلیل های بنیادی و تکنیکال در چند روز اینده خودرو روند صعودیشو شروع میکنه.هرکس بفروشه باید توی صف خرید چند میلیاردی بعدا واردش بشه. بازیگر ها میخوان ارزون از چنگتون در بیارن و گرون بهتون بفروشن.میان مدتی تا 2000 رشد داره. سودتون رو بخاطر دو سه روز منفی خراب نکنید. یاحق,positive
دوستان با اجازتون قبل عید پول پراید صبا 81 گذاشتم داخلش الان کردتش 206 تیپ 5 صفر به نظرتون حقمون نیست صبر بدیم مازراتی بکنه زیر پامون؟,positive
شنبه صبح هرکی خرید سود کرد و گرنه ساعت 11 به بعد ص فروش میریزه یک شنبه صبح صف خرید میلیاردی,positive
تو 1200 من اوردر فروش دلم نمیود بزار حالا رو 900 میخواین بفروشین؟ اصلا خودرو تو پرتفو نباشه دل آدم میگیره از 140 تومان دارمش,positive
خودرو از شنبه روند صعودی خودشو شروع میکنه,positive
هیچی مثبت 5 خودرو نمیشه ،,positive
خودرو شنبه صعودیع,positive
طبق اصلاح قبلی حداقل 30 درصد منفی باید بشه. پس 20 درصد منفی دیگه میخواد احتمالا با پالایشی ها سه شنبه استارت بزنه,positive
دنا. 235 میلیون,positive
سلام دوستان با افزایش روز افزون خودرو در ایران ارزش سهام خودرو تا 2500 تومان قابل پیش بینی هست بنا بر این لا تعجیل,positive
احتمالا مانند دو دوره قبل بیش از این اصلاح نمی کنه و با صعود فلزات اساسی که اصلاحشون تموم شده به روند خودش ادامه میده.,positive
طرح فروش فوق العاده ایران خودرو. 5 محصول پرتقاضا. امروز انجام میشود,positive
از دوشنبه نیمه دوم بازار صعودی با رشد شاخص ساز ها,positive
سلام همراهان گرامی!. من تحلیل ها و پیش بینی هام همگی درست و دقیق بود ، میتونید برید بخونید. برای شنبه دو سناریو بیشتر نمی تونیم متصور باشیم ، یا مثبته و یا منفی. پرسود باشید.,positive
این همه سود داده امسال طاقت 3 4 تا منفی رو ندارین اسمتونم میذارین سهام دار و معامله گر بورس.داداش سهام اصلاح میخواد برای کف سازی ، استراحت میخواد برای صعود ، اون بانکه ک هر روز ثابت میره رو داراییت. احتمالا 2 3 تا منفی دیگه میخوره و بر میگرده به روندش. دولت به این اسونی نمیخواد شاخص عدد 2 میلیون رو رد کنه. اینقدر عجول و دهن بین نباشین هرجا صف خرید اونجایین هرجا صف فروش سریع میخواین بفروشین فرار کنین.,positive
میره که مقومت8000 پیش رو پودر کنه,positive
اقا چرا الکی جو میدین شنبه صعود میکنه نه اصلا صعودی در کار نیس از شنبه نزولیه تا یه هفته حالا ببینید این حرفو کی گفتم میخوای باور کن نمیکنیم نکن ضرر کن,positive
باورم نمیشد تا خبرو خوندم ولی خب اصلاح ک تضمین سوده خودرو تا etf3 حالا حالا رشدشو داره بی شک,positive
ایرانخودرو اصلاح کرد. شنبه با این خبر پیش فروش احتمالاصف فروشش کمه و برعکس مثبت و صف خرید زیاد,positive
احتمالا مجموعا بیست درصد اصلاح کنه ، ولی وقتی شاخص اوج بگیره ، با یه افشای الف ، این بیست درصد جبران میشه,positive
خودرو دوباره گران شد. ایرانخودرو عرضه خوردو راشروع کرد. اینا خبرای امروز روزنامه ها و شبکه های اجتماعی یعنی حمله مجدد به ایران خودرو و صف چند میلیلردی خرید,positive
اقا خودرو کلی ماشین پیش فروش کرد اونایی که صبوری کردن نوش جونتون,positive
خودرو. اینم خبر فوری و مهم فروش فوق العاده ایران خودرو. خوش به حال اونایی که کمی صبوری کردن و خوش به حال اونایی که حسابی خریدن. شنبه صف سنگین خرید .😄,positive
فایده این خرید دو طرفه هست اول برای خودم و دوم برای هم قطاری هام که نذارم سهمشون منفی شه,positive
فروش فوق العاده محصولات ایران خودرو از امروز آغاز شد.,positive
خودرو شنبه بخرید یکشنبه صف خودرو میلیاردیه و گیرتون نمیاد,positive
خودرو شنبه اصلاحش تموم و یکشنبه دست نیافتنی میشه,positive
700 تومان برای یک سهم عدد خیلی کمی هست ، قابل توجه دوستانی که میگن اصلاح میکنه!. NAV روی 2000 هست پس الکی نظریه ندین لطفا. چند روزی بخاطر جو روانی صف فروش شد اما خوشا بحال اونایی که خرید زدند,positive
از شنبه صف خرید پراید شد 91 میلیون ناقابل,positive
خبر مهم خبر مهم فروش فوق العاده ایرانخودرو با عرضه 5 محصول پر متقاضی از فردا پنجشنبه 9 مرداد کلید میخورد,positive
امروز خساپا بعنوان یک رقیب آبروی همه خودرو ساز ها را حفظ کرد ... .,positive
شنبه تمام سهام هامو میفروشم خودرو بخرم خداکنه بتونم اضافه کنم,positive
اصلاح خودرو کاملا تکنیکال هست. نه دستوری نه. 20‎٪ دیگه منفی بعد انشاللاه ادامه صعود تا 990 تومان,positive
آقایون و خانمو های سهام دار. شنبه روز خریده تا میتونید پول جنع کتید ، قرض کنید ، خونه بفروشید ، وام بگیرید ، هر جی. شنبه سهم خودرو بخرید که دیگه گیر نمیاد. پرر سود باشید,positive
اخه سهم هفصد تومان اصلاحش کجا بود تمام شد رفت دیگه نمیشه خرید با این قیمتا,positive
همه سهم های قوی منفی بودن پترو شیمی ها بانکی ها فولاد فملی خودرویی اصلا نگران نباشید با خودرو پرواز میکنید تا آخر این ماه قطعا 1000 رو رد میکنه 🌹همین که میان هی کامنت منفی میزارن بدونید ارزشمنده وگرنه هیچوقت یه سهم پایین رو نمیکوبند.ما سهامدارای خودرو دلمون بزرگه انشالله همه پرسود باشند,positive
یک ماهه باهاشم ، امروزم 100 میل دیگه اضاف کردم. شنبه حمایت کامل کنید دوستان. از خساپا که کمتر نیس. قرار گرفتن در صف فروش ممنوع,positive
آغاز مرحله دوم طرح فروش فوق العاده 5 محصول پرتقاضا ایران خودرو از فردا. ایکوپرس,positive
واسه 2 تا 3 روز منفی نترسید قطعا از یکشنبه صف خرید خواهد شد چون حمایت روی 619 دارد,positive
دو نقطه حمایتی داره 699 تومان و 619 تومان که از 619 پایین تر نمیاد و جالب اینجاست که هدف اصلی این سهم قیمت بالای 1000 تومانه ، برای کی سهم مثبت قطعیه چون حجم معاملاتش بالاست و همیشه خواهان داره به احتمال 90 درصد روز یکشنبه شروع هدفش به سمت 1000 منه,positive
شنبه مثبته برید روند معاملاتی چک کنید بعد هر 100 درصد 2 الی 3 تا منفی خورده اصلا نترسید نهایتا یکشنبه اماده پرواز باشید,positive
خودرو محکوم به صعوده خودرو شپنای فروردین شده. نمیگم 10 برابر میشه در عرض 4 ماه ولی تا اخر شهریور 1700 تا 2000 تومانه. تاریخ تکرار میشه همیشه. شپنا انگار کرونا داشت کسی طرفش نمیرفت. گول نخورین. برای خودرو در ماه شاید دو سه بار فرصت ورود پیش بیاد. شرکت 33 درصد تولید سالانش بیشتر کرده. افزایش قیمت محصولاتش ببینید. دلار هم که همتون میدونید. باشد که ایمان بیاورید,positive
خودرو. طبق بررسی های تکنیکالی که داشتم فهمیدم که بعد از یه صعود طولانی ، دو تا کندل Bearish داریم. این سهم یا +5 هست یا _5. شنبه تا میتونید اضافه کنید.40 درصد پورتفوی من از همین طلای نابه. میتونید از روند تبعیت نکنی ولی نمیتونی مخالف روند پیش بری.جز این میرسی به یه بن بست که که نه راه پس داری نه راه پیش,positive
سلام بر سهامداران ، بنظر من کمی اصلاح موجب میشه بهتر بالا بره ، عزم حاکمیت ، صندوق etf و افزایش قیمت ارز و طلا همه حکایت از رشد سهام خودرو داره.,positive
من یه نکته ایی رو اینجا بگم حالا 300 درصد سودبوده. 100 درصدم مثلا منفی بشه. ینی دیگه مثبت نداریم مگه میشه مگه داریم بعد 100 تا رو هم جبران میکنیم میشه 300 تا دیگه سود انقدر,positive
اگر سهم میفروشید لطفا شرافتمندانه بفروشید بالا بفروشید. سهامدارهای خساپا رو ببینید همین امروز زیر فروشی نکردن همه بالا فروختن,positive
متأسفانه ما اگه یکی برخلافمون حرفی بزنه خیلی راحت با بی فرهنگی دهنمونو باز میکنیم. ولی من چند روز قبل هم گفتم بازم میگم سهام خودرو جزو صندوق دارا سومه ، این سهام تا قبل صندوق دارا دوم شارپ کشید بالا زمان دارا سومم با حمایت دولت شارپ میکشه بالا ولی این وسط در دوره عرضه دارادوم دولت واسه میانگین کم کردن خریدش باهاش دستوری کار میکنه و مجبوره یکم اصلاح کنه. به نظر من اگه قصدتون خرید سهام خودرویی هست خگستر فعلا از همشون بهتره. بازم یه سری دوستان نیاند بی فرهنگی دربیارند زیر پستم ، نه اگه ضرر کنید ضررش به من میرسه نه اگه سود کنید چیزیش تو جیب من میره ولی سعی کنید یکم توی خرید این سهام با خودتون قبلش دودوتا چهارتا کنید,positive
بابا من رو قیمت750سنگین خریدم سه تا صدهزارتا ، نفروشید ، بزارید 1500 میشه ، ازسهامداران خساپا یادبگیرند,positive
ارزش ایرانخودرو تو ویکی پدیا زده 32 میلیارد دلار اونم 2011 حالا برید بفروشید حداقل ایرانخودرو تا اخر سال 3000 تومان,positive
حمایت در محدوده 650 تومان در صورت از دست دادن ، حمایت بسیار خوب در محدوده 600 تومان داره.,positive
احساسم اینه آخرین فرصت برای ورود بود و از شنبه قفل در صف خرید خواهد بود !,positive
متاسفانه عده ای دنا پلاس زیر قیمت فروختند که ساینا بخرن التماس عقل😐,positive
از شنبه خودرو صف خرید.,positive
خودرو. شبندر. دی. خگستر. درو کنید تا میتونید این 4 تا سهم رو. امروز 4 شنبه 8 مرداد بماند یادگاری,positive
اندیکاتورهای اصلی میگن بهترین فرصت خریده. اینکه اینطوری فروش میره یعنی یه دستی پشت کاره که سهام رو ارزون بخرن,positive
من به شخصه از قبل مجمع ورود کردم و الان سرمایم 10 برابر شده(با احتساب سود ترکیبی) و تا اهداف بالا فروشنده نیستم ، خیلیا مثل من ولی خیلی هام هستن بخوان سیو سود کنن یا مشکل مالی براشون پیش اومده ، مخاطبم اون دوستایی هستن که می‌خوان بفروشن ، وقتی می بینی سهم با 100٪ باز میشه و خریدار داره ینی همین امروز قیمتش 1200 به بالاس ، دوست من وقتی با قیمت کف میری تو صف فروش داری سودتو دور میریزی ، خساپا رو ببینید و درس بگیرید که مالتونو مفت نفروشید قیمت بالا اردر بزار و نترس چون خریدار داره ، امروز حجمی که خورد رو ببینید با وجودی که نصف صف فیک بود و خیلی هام بخاطر ترس اردر فروش گذاشتن,positive
ولی خودرو پریودیش کوتاهه,positive
ایا ارزش شرکت ایران خودرو از رنو فرانسه بیشتر است?. تو این چند مدت مطالبی در بعضی گروه ها و کانال ها بیان میشود که ارزش خودرو از مارکت رنو بیشتر است درحالیکه ارزش ایران خودرو تقریبا 9 میلیارد دلاره با دلار 23 هزار تومان ولی ارزش مارکت رنو در سال 2019 تقریبا 109 میلیارد یورو میباشد. دقت کنید خودرو با دلار 23 هزار تومان است و رنو در سال 2019 که دلار قیمت پایین تر داشته. دوستان میتونن به سایت ویکی پدیا مراجعه کن و ارزش مارکت رنو رو مشاهده کنند. لطفا به این مطالب که هیچ سندی ندارند توجه نکنید,positive
دارا دوم و سوم در بیارید رشد سهام های کوچک تمام شده. فولاد خودرو خساپا وبصادر وتجارت. شپنا شبندر. فملی. پول بیاد در بازار چرا دولت سعی نکنه بره داخل سهام خودش؟ عاقلانه نیست بره داخل سهم کوچک,positive
مگه داریم اصلا سهام زیر هزار تومانی هم؟. پشم سازی توس 2 هزار تومان اونوقت خساپا خودرو 900؟ شستا 5 هزار تومان. فولاد 2 تومان (مفت گروه).,positive
سوپر مفت 900 تومان برای این شرکت و بزرگی,positive
خودرو شهریور 2000 تومان,positive
سهام ماکارونی 4000 تومان. ایرانخودرو 900 تومان مفت,positive
خودرو 200 درصد دیگه جا داره تازه برسه به قیمت سقف تاریخی خودش. خیلی از سهام سقف تاریخی خودشان را خیلی وقته رد کردن. بفروشیم چی بخریم؟. 900 تومان میشه 1/35 قیمت یک دلار؟. سوپر مفته برای بزرگترین شرکت خودروسازی,positive
، خودرو 3 تا هزار تومان.,positive
خودرو دولتی 3 تا هزار,positive
ب نظر من خودرو تا 650 اصلاح می کنه و بعد روند رشدش شروع می شه به سمت 1200 و پر کردن گپ.البته بعید می دونم رشد شارپی تکرار شه.با نوسان و رشد به سمت 1200 و بعدا 1500 و 2000 تومان.اصلاح بیشتر بعیده هرچند ممکنه تا 550 اصلاح شه( احتمال بسیار ضعیف).دوستان کمی سهامداری کنید تا سودهای خوبی توی خودرو بدست بیارید,positive
سهم یه اصلاح کوچولوبکنه بسیارهم خوبه .استراحت نفس عمیق میکشه ودوباره میره برای یه صعوددیگر.اونایی هم که به حدسودشون رسیده بودن فروختن وسهامدارای جدیدواردشدن.ولی سهم اهداف بسیاربالایی داره پس جای نگرانی نیست .منکه امروزاضافه کردم وآخرسال بایه سودعالی ازسهم میرم بیرون.آرزوی سودهای بسیارعالی برای همه دوستان گلم دارم,positive
آقا من اصلا وارد نیستم. یعنی سهام شرکت خودرو سازی 900 تومانه؟ بعد شرکت تولید ماکارونی 3900 تومانه؟. یعنی اصولا اینجوریه؟,positive
مدیرعامل ایران خودرو در مجمع :. جتکو و ایپکو 2زیرمجموعه ایران خودرو پیگیری خودروی برقی را انجام می دهند. جتکو : جامع تحقیق و توسعه فناوری های خودرو. ایپکو : تحقیق ، طراحی و تولید موتور ایران خودرو,positive
خودرو : بر اساس کانال فیبوناچی از ابتدای سال 99:. شکست مقاومت در محدوده ی 700 تومان ، نوسان و پولبک به خط 261 فیبو. در صورت حمایت در محدوده 660 تومان ، در بازه میان مدت ، هدف 1800 تومان را پیش رو داره.,positive
الان تو پیج گفتگوی حقوقی ها دارن میگن ای کاش حقیقی ها خالی نمیکردن 😂,positive
گنجشک روزی نباشید خیلیا با درصد های بالا تو خودرو تو سود هستن بزار 10 تا 20 درصد اصلاح بخوره اما بعدش با خیال راحت سهامداری کن و نمیخواد تو سر خودت بزنی برا خرید,positive
من به شخصه 300 درصد سود گرفتم ازش حالا پنجاه تا منفی بشه اصلا به مهم نیست قابل توجه اونا که میگن دیدین گفتیم.,positive
با سلام و عرض ادب هدف سهم 1400,positive
من شستا دارم اینجا از شستا نگین اون راهش جداس و اصلا با کسی کاری نداره خودش به اختیار عمل می‌کنه 😂,positive
کاری ندارم خساپا لگن تولید میکنه میده به خورد ملت. ولی دم سهام داراش گرم واقعا. خیلیاشون فروختن .ولی قیمت بالا فروختن. توی این بازار خونین امروز. سهم رو نذاشتن به قهقرا بره. ناز شصت اتون.,positive
دور نیست روزاییکه بعضیا بیان اینجا بگن چرا سرخطی میزنم نمیتونم بخرم🤦‍♂️. الان فرصت ورود برای اوناییکه میرفتن توصف خرید میلیاردی خرید. سهامداران عزیزهم سهامداری کنین اینهمه سودکردین گیرم خونه پرش 20 درصد منفی داره. هیجانی عمل نکنین,positive
انزکی صبر سحر نزدیک است ممنونم که فروختید تا من اضافه کنم دمتون گرم,positive
من که تا 1200 تومان هستم. حجم زیادی هم دارم. امیدوارم عاقل باشیم و سهامداری کنیم,positive
نگران این باشید وقتی میخوایین ماشین بخرید. زیر 100 ملیون بتون چیزی نمیدن,positive
خرید کردن حقوقی. به تماشا چنین بود. مقاومت سهم روی 700 به خوبی حمایت میشه.,positive
خودرو لیدر کل بازاره ... چی رو می خواید بفروشید ... بقول دوستمون اندکی صبر..,positive
چطور یک عده ریختن با اصلاح اصلاح کردن سهم رو از دست سهامدار کشیدن بیرون. تا باشه که سهامدار گول این حرفا رو نخوره.,negative
دوستانی که منتظر اصلاح هستن یا تشخیص اصلاح و منفی میدن یا تازه واردهایی که از این آدمها نظر می خوان بهتره از سهم برن بیرو ن چون شما در هر سهمی مثل سم می مونید من منظورم این نیست که شستا تا ابد مثبت هست منظورم اینه شماها صفهای فروشو تشکیل می دین که مضر هستین ، بس کنید این استراتژی تو شستا جایی نداره ،,negative
نصف این دوستانی که دارند از سهم تعریف می کنند برای شنبه فروشنده هستند. خیلی به تبلیغاتی دل نبندید خودتون تصمیم بگیرید. ضمنا چهارشنبه حقوقی فروشنده نبود درحالی که هر روز 200 میلیون میفروشه حالا تو همون روز حجم تمام معامله 168 میلیون بود که تمام عرضه ها هم جمع نشد و خیلی از خریداران فکر کردند سهم برگشته و با هیجان خرید کردند کاملا بازار رو این سهم مردد. موفق باشید.,negative
هر سهمی نیاز به اصلاح داره. اگر سهمی اصلاح نداشته باشه باید از اون سهم ترسید. اصلاح نیاز ضروری یک سهم هست. شستا مطمئنا سهم عالی و تکرار نشدنی در بورس هست اما به اصلاح نیاز داره.,negative
خواهش میکنم جواب بدید. این شایعاتی ک میگن قراره یه ماه بسته بشه چیه؟,negative
سهام دار اصلیش در این چند روز بیش از 1/278/000/000سهم فروخته و اگر در این چند روز باز سهم بفروشه بایدبا احتیاط کامل وارد شد ویا دست نگه داشته بشه، تا کمی حمایت بشه،فروش این تعد اد سهم برابر با چندین شرکت بزرگ است، این علایم، تقریبا خالی کردن سهم میباشد،سیگنال خوب نمیباشد،اونایی که سهام دارند توصیه سیو سود کنند وانایی که هنوز نخریدند وپول نقد دارندکمی دست نگه دا رند.درکنار این در اکثر سهام هام شاخص ساز افت وخروج پول توسط حقوقی شده وخرید در شرکهای کوچک دیده میشود,negative
من تازه خریدم اصلاح نکنه وای وای وای,negative
میگن 5000 مقاومتشه تا 4000 پولبک میزنه. نظرتون چیه دوستان,negative
شاخص هنوز اصلاح داره پس سهم های دولت هم اصلاح میکنن,negative
شستا بازم اصلاح داره میتونید بخرید,negative
خربد بسیار پر ریسک است,negative
ریسک به ریوارد سهم بالاست,negative
دوستان فکر نکیند شستا هم مثل بقیه عرضه اولیه ها صد درصد سود میده ، این سهم یه کله خیلی بتونه بره 50 درصده.عرضه اولیه های بزرگ زیاد رشد نمی کنند.,negative
این سهم اصلا با این قیمت نمی ارزه.,negative
روند صعودی قوی همراه با مومنتوم قوی. ورود سرمایه جدید با مقدار زیاد در هر روز. حد ضرر 46660. هدف اول 100000. به نمودار نگاه کنید هر کس عجله کرده و فروخته ضرر کرده. نظر شما چیه ؟,positive
دوستان شستا تا شهریور 7200 تومان,positive
سلام دوستان ، شستا 1عرضه اولیه تو این ماه داره ، 2 تاهم ماه دیگه,positive
عالیجناب شستا فقط یک دلار,positive
رایتل با سهامداری شستا در پاییز عرضه اولیه خواهد شد در فرابورس منبع عصر بورس,positive
شستا تا آخر سال کلی زیر مجموعه داره که توی بورس عرضه میشه و هر دفعه یه افشای الف و باز شدن سهم با مثبتهای بالا. قیمت این سهم بالاتر از این صحبتهاس 😎,positive
وهمین که در روز یک سری معامله انجام میشود برای‌ شستا مثل یک اصلاح است و برای ریزش واصلاح حتمانباید که سهم منفی 5 بخوردو شستا مدل اصلاحش همینه که درروز معاملاتی انجام میشود پسخواهشا حرف بی ربط نزنید و من خودم حدود700 میلیون در شستا دارم و از سهمم بسیار مطمئن هستم,positive
5 تومان را تو بازار منفی رد کرد. نقطه امن بعدی 7500 تومان. نقطه امن بعد 10000. و آخر سال و یا اول سال بعد اینو با 15000 هم نمیتونی بخری چون سال بعد تقسیم سود نقدی داره و قرار نیست سودش را بیخودی و ارزان بین سهام زیاد تقسیم کنه,positive
عشق فقط یکلام شستا علیه سلام. بخرید و نفروشید. این دوستانی که فاز منفی میدن یا پشت در موندن یا زورشون میاد به این قیمت بخرن. داداش نفروش اگه داری.صبر کن آخر سال ببین چه شود,positive
دوستان سهامدار با دقت بخونن :: برن تحقیق کنن. داراییهای بورسی و غیربورسی شستا بی همتاست و زیرمجموعه هایی که اگر بازار متوجه ارزش آنها بشه قیمت شستا در5000 فعلی صرفا یک شوخی خواهد بود 🌈✌️,positive
دولت اگه میدونست تا این حد از شسنا حمایت میشه رو 3500 عرضه اولیه میکرد و تا 10 تومان بسرعت میرفت. این سهم واقعا الان ارزون محسوب میشه با توجه به اخبار و زیر مجموعه هایی که ده برابر شدن.,positive
تا بالای 8000 تومان مسیرش امنه و نزدیک 10000 تومان کم کم باید دنبال محرک صعودهای بعدی باشه,positive
با سلام من خودم دو سال و نیمه تو بورسم ولی بازم نظر کارشناسی نمیدم و هیچ ادعایی ندارم در حد این که سبد خودمو بچرخونم یه چیزی بلدم ولی از همین جا باید به بعضیا گفت :::. اخه برادر من هنوز جوهر کد بورسی که گرفتی خشک نشده تورو چه به اصلاح شاخص کل یا اصلاح اصلاح کردن شستا یا هر سهم دیگه تو قیمت پایین نخریدی الان شده 5000 هزار کجات میسوزه؟. مردمو گمراه نکن سهام دولتی داری یا بفروش یا نگهدار خودت عذاب نده اینجا همه متحدن دیروز مشخص شد الان خدا میدون چند نفر تازه وارد با این حرفا بدبخت میشن گناه داره همین دیروز مال چند نفر تو منفی نابود کردین و بعدشم شد +4/86.,positive
سلام. منم سهم خوبی برا شستا دارم. ولی تا یه کم تو این بازار آشفته سود داد. همه هجوم آوردن واسه خریدش. نگرانم واسه خبرهایی در مورد بسته شدن سهم. امیدوارم دروغ باشه چون درصد خوبی از پرتفوی منو این سهم داره,positive
من پلکانی شستا میخرم و یقین دارم این سهم از بهترینهاست,positive
اقایون علما دولت گفته شناوری 25 درصد بشه ولی نگفته در عرض یکماه حداقل یکسال پروسه اش طول میکشه ... وتا اون وقت سهم رشد خودش رو داره بیخود با تحلیلای ابکیتون دل بندگان خدارو خالی نکنید. .اقاجون این سهم تا پایان شهریور ده هزار تومان رو میبینه ... .گول حرف این جماعت رو هم نخورید و سهامتون رو حفظ کنید,positive
بخدا همینایی که میگن اصلاحه و ریزشه و فلان و بسان شنبه تو صف خریدن دفعه های قبلی هم گول همین افراد خوردم فروختم دوباره از فرداش رفت بالا هیچ خبریم نبود همش الکی بود. با سهماتون آتیش بازی نکنید.,positive
میره بالا,positive
شستا. مادر بورس ایران با مارکت 150 هزار میلیاردی هم اینجا ثبت کنیم. به جرات میگم جزو معدود شرکت های موجود تو بازاره که اگر 10 برابر هم بشه بازم ارزنده است. با مالکیت 289 شرکت. 9 تا هلدینگ که فقط تاپیکوش 150 تا میارزه. 81 شرکت بورسی. 250 هزار میلیارد طلب از دولت. عدم تجدید ارزیابی زیر مجموعه ها. نزدیک 20 هزار میلیارد سود خالص سال مالی 98. و البته یه مدیر جوان و توانمند بعنوان سکاندار ابر هلدینگ صنایع داخل ایران. نمیدونم هر جوری نگاه میکنم شستا رو باید با آرامکو مقایسه کرد. واقعا بی همتاست. .,positive
دوستان به نظر من میتونید ریسک سبد خودتون رو با خریدن شستا پایین بیارید,positive
نظر شخصی. با توجه به کم بودن شناوری اهداف بالاست 20 هزار 30 هزار,positive
وقتی وملی الان قیمت سهامش شده 80 هزار تومان یعنی شستا که سهام خیلی از شرکتهای بورس رو داره باید 5 هزار باشه؟,positive
به نطر وارد اصلاح زمانی موج 4 خودش شده امکان درجا زدن سهم هست و بعد از مدتی استارت سهم به سمت موج 5 خودش تا حوالی 8500,positive
احتمالا تا دوشنبه بالای 5500 راحت میره. بعدش باید بازار رو ارزیابی کرد و بر اون اساس تصمیم گیری کرد,positive
وقتی زر ماکارون سر به سرش شده 4024 تومان به نظرم شستا زیر 10000 تومان خنده داره,positive
یه جوری بعضیا از سوزش میان میگن نخریدش و افت میکنه که انگار کل سهماداراش میان اینجا و کامنتشون رو میخونن و سریع میفروشن. بعدش اگه کسی از اصلاح سهمی خبر داشته باشه بی سر و صدا میفروشه و میره نه اینکه هی بیاد و اینجا هم بگه.پس میخواد بترسونه تا بفروشون و اینا بخرن. یه نکته هم اضافه کنم که این سهم مثل فولاد و شپنا و ... توی صندوق های دولت نیست که بصورت سوری بخوان بالا ببرن و حباب دارش کنن.,positive
داره روند معمولی خودش رو مثل همیشه پرقدرت طی میکنه. مک‌دی هم کاملا عادی و صعودی است.,positive
شستا نگو طلا بگو.,positive
غول بورس آسیا,positive
قبلا فولاد فارس تاپیکو شاخ پرتفوی من بود الان شستا. سهامداری به دید پنج ساله چه حالی میده,positive
دیروز خودرو و فارس و تاپیکو فروختم ، سلطان رو گرفتم,positive
شستا سالار بورسه. کی بودی تو.,positive
از شنبه مجدد + میشه. ریزش وجود نداره چون ارزش شستا و خبر های بنیادی که بچه ها هم یه سریا در جریان بودن در راه هست ، پس این یه تایم استراحت. تا میتونین جمع کنید ولی اگ پول نیاز هستید با اخرین قیمت بفروشید. موفق باشید,positive
به زودی رایتل اپراتور گوشی همراه از زیر مجموعه ها شستا به بازار سرمایه میاد هفته پیش هم خبر نقد شدن مطالبات شستا از وزارت ورزش داده شد این سهم هر هفته داره افشا الف میزنه این سهم یه کله تا 8000 تومان باید بره,positive
خداپدر تامین اجتماعی رو بیامرزه هم بیمه بیکاری ازش میگیرم هم روزی 1.400.000 سود 😂,positive
👌number one bourse only shasta👌,positive
نابر وان بورس,positive
اصلاح یه چیز عادی یه. ولی شستا ریزش نداره. یه شرکت با چنین بنیاد قوی چ ریزشی؟ سر تون رو از زیر برف بیارید بیرون تحلیل گران عزیز. اصلاحشم به دل میشینه این پسر. (شستا رو عرض میکنم ),positive
از قرار ، مثبت امروز خیلی ها رو سوزانده ، کفتارها ریختن دارند کامنت میگذارن ، باید عرض کنم شنبه به شما سهم نخواهد رسید 😂,positive
بچه ها من یه دور تو سهم های بزرگ زدم همین چندتا اکانت فیک که درباره ریزش و اصلاح صحبت میکنن اونجا هم هستن و سهم خودشونو نام میبرن حواستون باشه ، این آدمها هدفشون فقط ضرر ملت و سود خودشون ، فکر کنم اگه این چتها نبود تا حالا سهم هامون تا الان دو برابر بود ، نمیدونم این مریضها کین. !,positive
نمیدونم چرا بعضی ها فکر میکنند با تبلیغ و سر و صدا میتونند از اصلاح یک سهم جلوگیری کنتد و بلعکسش با سمپاشی باعث اصلاح شن دوستان روال طبیعی بازار کار خودش رو میکنه بدون توجه به هیچ هیاهویی یک نفر به عنوان سهامدار تنها باید اصول بازار و و تحیلی ها رو بررسی کنه و تصمیم بگیره برای خروج یا ورود,positive
امروز فرصت فروش بود همین فقط😉,positive
شستا سهم خوبیه من امروز فروختم همه سهم‌های اصلاح شدند به غیراز شستا.مراقب باشین,positive
دوستان شهریور هم دو عرضه اولیه شستا هم میاد ، هر ماه یه الف,positive
225 هزارتا شستا تو سبدم دارم تا 20 هزار هم یه دونه نمیفروشم البته تا پایان سال قیمتهای بالاتری رو میبینه,positive
هیچ نمادی با پتانسیل و اقتداره شستا به عمرم ندیدم. خواهشا سهام دار باشید نه سهام باز. نفروشید. سال 400 همین موقع پولتون 20 برابر شده,positive
عشق فقط یک کلام شستا علیه سلام. دوستان اصلا و ابدا صف فروش شرکت نکنید. قیمت این سهم حداقل 15000 تومان است. اینایی که میگن بزارید منفی بخوره که با قدرت رشد کنه پشت دره موندن.امروز که شل بود هیچکس موفق نشد بخره چون هسته کند بود. نفروشیید,positive
شستا حقوقی خیلی خوبی داره خیلی کنترل شده و حساب شده میفروشه این نشون میده سهامدار اصلی و مدیریت مجموعه به قیمتهای بالا اعتقاد دارن بنده معتقدم امسال شستا شگفتی ساز میشه,positive
برادران یکم استراحت کنین دیگه دو روز تعطیله. شستا عیدی خوبی به هممون داد و خواهد داد. عیدتون مبارک. 🙏💪💜🌹😘,positive
سلطان بیا دست این شاخص بینوا را بگیر 🤣,positive
مبارککککککک نووووش جون سهامدارا عشق کنید با شستا,positive
با شستا تا دو هزار تومان!,positive
بازیگر این سهم فریبکار زبده ای هست من یکبار فریب افزایش سرمایه خوردم 2 ماه طول کشید که به سود 30 درصد رضایت دادم تا 35 درصد منفی خورد,negative
اگر بخواد مثل ومهان رفتار کنه باید حدودا به 2600 برسه,negative
من به صورت پله ای اضاف کردم ولی میشد با قیمت های پایین تریم اضاف کنم ولی. با افزایش سرمایه ای که توراهه مطمئن باشین حتی اگه هفته آینده هم چن روز منفی داشته باشیم با صبوری میشه به یه سود خوب رسید. البته میشه ازین سهام گل آلود نوسانگیری خوبی کرد,negative
با نگاه به شکل واکنش مثبت به خط روند مشخص است و احتمال تکمیل زیگزاگ و برگشت در روز معاملاتی بعد وجود داره.,negative
یک روز مثبت این سهم ده روز منفی,negative
شنبه سرخطی منفی پنج بزارین شاید فروش رفت,negative
این سهم دست نوسان گیرا افتاده و تا پایان سال رنج منفی و درجا میزنه,negative
اصلاح تا 1500 ت و بعد در صورت عدم حمایت ریزش تا 800 ت,negative
سهم رو به روزی انداختن که باید واسه طرف قسم بخوری بخدا خوبه بالاترین سود رو داده افزایش سرمایه داره قاقا لیلی میدن تو سهم در حالی که سهم باید الان قفل صف خرید باشه و طرف فکرش درگیر اینکه چطوری بتونه از صف بخره. طرف صحبتم حقوقی کسیفی هست که بزور جلوی رشد سهم رو گرفته و همه رو دعا گوی خودش و خانوادش کرده,negative
صبا همیشه عقب افتاده. و همچنان عقب افتاده خواهد ماند. در مقایسه با سهم های دیگه. سود درستی تا حالا به کسی نداده.,negative
تا 1500 ت اصلاح داره وو اگه حمایت نشده تا 900 ت طبق اندیکاتور ridinbatahlilaton,negative
خیلی سهم بدی. بجز امروز که دوجی زد. تا ببینیم شنبه چی میشه,negative
نظر شما. آیا پایین تراز 3000 میاد,negative
دوستان هرروز مییایم ومیگین فردا مثبت میشه خسته شدیم بخدا یکی از دوستان عزیز یه تحلیل درست وواقعی برامون بزاره تا ببینیم شنبه به بعد چه گلی به سرمون بزنیم .صبا توتمام سهمها واقعا عقب افتاده هست من نمیدونم دلیل اینکه نمیزارن جون بگیره چیه .,negative
حالا هی بگید سهامداری. 40 درصد تو سود بودم اگ اونموقع میفروختم دوبار میتونستم بازم بخرم و هر بار 20 درصد سود کنم. ک سر جم میشه 80 درصد. اقد نگه داشتم الان سر به سر شدم دارم میرم تو ضرر,negative
این سهم رشد بکن نیست دست نوسان گیرا افتاده,negative
یه روز مثبت 3 روز منفی. اگه نخریدین واردش نشید که در بهترین حالت بعد از یک ماه با سربه سر خارج میشید. از ما گفتن بود,negative
این هفته رو حقوقی بازی داد تا نذاره رشد شارپیش شروع بشه. منتظر اومدن افزایش سرمایه اش رو کدال هستیم.,negative
گرون خریدم. حیف شد,negative
تحلیل تکنیکال نشون میده صبا از 12.30 به بعد میشه 5 مثبت. صبوری کنید کمربندو ببندید😁. اینقدر صبا رو مسخره کردم دیگه خودم دلم سوخت,negative
حقوقی خوبی داره تو محلشون به همه خدمات میده اسمش بده ولی درآمدش خوبه😂,negative
بابا اینا کار حقوقی ها ست میخواد قبل افزایش سرمایه سهم ببره,negative
از روز اول دارمش و بهش اضافه کردم هر گام ، دیگه برام مهم نیست میندازمش یه گوشه ، ولی واقعا اشغال تر این حقوقی ندیدم,negative
مقصر حقیقی ها نیستن حقوقی داره اینجوری ترس درست میکنه که سهام دارا بفروشند و حقوقی با کد حقیقی تو کف بخره,negative
خیلی مسخرس دیگه واقغا خیلی مسخرسسسس,negative
هشت میلیون فروخت حقوقی 😀,negative
دیروز گفتم اصلاح تازه شروع شده امروزم خارج بشین بازم پنج درصد سیو سود شدین شنبه هم صف فروش میشه.,negative
دوستان چن روز پیش وارد مثبت شدم و از صبا فرار کردم به خاطر حقیقی.های بی اطلاعات و منفی کننده.ی سهام. ولی الان وقت خروج نیست. شما که داریدش نگه دارید..الان دستور بورس اینه که سهامای متوسط و کوچیک رشد کنن. 👍. ولی خودم شخصا هیچوقت وارد سهمی که حقیقی نابلد داره نمیشم دیگه اینم تجربه خوبی شد که حتی زیرمجموعه شستا هم باشه ولی حقیقی نابلد تووش زیاد باشه نباید وارد شد,negative
صبا جانم امیدم بعد خدا ب تو هست 😣,negative
3 روزه قدرت خریداراش عالیه ولی نمیره بالا😩,negative
صبا دق میده,negative
آخه چرا الان میفروشید ؟ آدم یه عقلتون شک میکنه,negative
کل بازار دستوری منفیه,negative
د لامصب چرا می فروشید می فروشید ک چی بخری,negative
صبا فقط تعجبم اینایی که تو منفی 5 میفروشن چقد سود کردن که راحت فروشنده هستن,negative
رفتیم تو منفی 20 سودم کردیم :(((((((((,negative
وجدانا از اینم پایینتر میاد؟,negative
خدایی سر گردنه هم اینجوری جیب مردم رو نمیزنن,negative
هر چی این چند وقت گرفتیم صبا به باد داد,negative
طرف فرق حمایت با مقاومت رو نمیدونه اومده نظر میده کراوات زده جو گرفته بورس ما رو نگاه تو رو خدا,negative
توو این بازار صبارو میفروشی بری چی بخری؟,negative
غیر از حقوقی یه سری نوسان گیر سوار این سهم شدن که داغون کردن این سهم رو شما با یه نگاه میتونید ببینید,negative
فردا بتونین منفی پنج هم خارج بشین خوبه,negative
من امروز قبل منفی شدن خارج شدم کسایی که باقی موندن توی سهم فقط و فقط چشمتون به حقوقی باشه ، زیاد کاری به تکنیکال نداشته باشید ، تابلو رو نگا کنید. پیشنهاد جایگزینی ذوب دانا,negative
اصلاح اصلی تازه شروع شده دل خوش نکنید هفته ی خونی هست. قرمز قرمز.تا دولت etf بعدی واگذار نکنه بورس یا منفیه یا درجا میزنه خود دانید صبا که دیگه چوب تو سر ضرر شده. سهم های کوچیک اصلاح بشه صبا هم اصلاحه بزرگ ها هم اصلاح بخوره بازم تو اصلاحه,negative
هرکس رفته چهارتا اندیکاتور یاد گرفته میاد اینجا نقاشی می‌کنه اول برو بفهم مبنای تحلیل تکنیکال و اندیکاتور گذشته ی سهم هست که حداقل باید یک رنج یک ساله داشته باشه بعد بیا نقاشی کن. فیبو کشیده چهار تا خط کشیده فک میکنن گرگ وال استریتن,negative
امروز میخواستم کلی دیگه اضافه کنم اما با این کارگزاری های در پیت مگه میشه چیزی خرید,negative
نظر شخصی. بنظرم 31000 برمیگرده,negative
فردا آخرین فرصت رو بهش میدم بازی در آورد تمومش میکنم ... .,negative
تا 3000 تومان پایین میره,negative
این سهم به درد نمیخوره فردا منفی پنج سر خطی بزارین,negative
دیگه وقتی طرف برای خراب کردن سهم میگه صبا ورشکتس دیگه جای هیچی حرف و بحثی باهاش وجود نداره بزارین خوش باشه,negative
اشتباه کردی خریدی خب وقتی حمایت از دست داده با پولت قمار میکنی نه سرمایه گذاری!,negative
چقدر گفتم بفروشین.برین پیام های چند روز پیشمو بخونین.میتونستین با بیست درصد بالاتر خارج بشین راحت.الانک زودتر خارج بشین ورشکسته هست,negative
از 20 اردیبهشت تا الان فقط 23 درصد. سهم خوبی نیس. 5 روز مثبت. 9 روز منفی. خستم کرده دیگه,negative
نقطه هدف که کف نموداره نزدیکه😁فروشندگان. سهامداری کنید 20 روزم مثبت بخوره جبران منفیاش نمیشه که البته نمیخوره😂 حالا فک کن به جا این آشغال 10 هفته پیش و نیکی میگرفتی. ای حقوقی کثیف😅,negative
آشغاله,negative
من که امروز از شر صبا خودمو خلاص کردم ، حیف این همه حمایت که از این سهم کردم ، واقعا از روز اول باهاشم منتها خسته کننده شده ، حالا بعضیها میگن خودرو و خساپا فلانن دستوری میرن بالا ، خوب دستوری باشه ما اومدیم سود کنیم هر کدوم میره بالا میخریم ، الان صبا رو فروختم دیگه ندارم ، پرتفوی من شده الان خگستر ، غصینو ، سپاها ، شستا ، وپویا ، دارایکم ، جم پلین ، وبصادر ، فولاد ، احتمال زیاد به جای صبا یا شبریز اضافه میکنم یه ذره اصلاح داره بعدش ، یا خودرو میخرم ، پرسود باشید.,negative
اساتید و بزرگان تکنیکالیست ، تعریف اول تکنیکال چیه؟ آخه این سهم گذشته داره؟ سهمی که سر جمع چند ماهه عرضه شده. بازیگر و حقوقی باید سود نوسانشو بگیره. یه هُل کوچیک میده یه گله پشت سرش حرکت میکنه!,negative
چه قشنگ رو منفی پنج صف خرید 2 میلیونی میشه😂دمتون گرم باو,negative
لعنت خدا بهت صبا,negative
کلی صبا دارم از روز اولش خریدم. تو این سهم ن اصلاحش اصلاحه ن حرکتش حرکت. ز پشمکم خریده بودیم الان حداقل 5 درصد تو سود بود. حیف منفیم به محض اینه منفیم مثبت شد فروختمششش و خلاصصصص. آی ارزشمنده. آی بنیادیه کوفتم نیست. .,negative
صبا مثه بچه ایه ک لوس بارش اوردن با کوچکترین اتفاقی میپره رو منفی 5,negative
بفروشید,negative
سهمی با بلاتکلیف‌ترین سهام‌دار. اصلا معلوم نیست با خودشون چند چند هستند,negative
صبا چرا منفی میشه شستا داره میره اینم منفی میده؟,negative
بابا لامصب بیشتر از 40 درصد منفی خوردی تک و توک هم مثبت شدی..برو بالا دیگه..اه,negative
این صبا مارو کشت😂,negative
واقعا معلوم نیست چی میخواد بشه,negative
من که از شنبه اضافه میکنم,positive
به شدت در موقعیت مناسب برای خرید بی ریسک شنبه رو صبا حساب کنید,positive
سلام خدمت سهامدارا صبا .من خودم فروختم رو قیمت 3800 ولی پشیمانم چون سیگنال خرید دادو مطمعنن این هفته برمیگرده و مقاومت پیش رو را پودر میکنه هفته قبل بیشترین ورود پول داشته بعد از شستا انشالا شنبه ورود میکنم و تا 300 درصد سود همراهیش میکنم.پرسود باشید باصبا .البته قابل توجه تازه واردان سهم شگویا هم بینظیر اگه کسی سهم مطمعن میخوا د میتونه شگویا خرید کنه بسیار بنیاد قوی هست,positive
این سهم جون میده برا نوسان گیری,positive
26% بازدهی خالص. موفق و پرسود باشید.,positive
شنبه اول وقت ، آخرین فرصت خرید. از نیمه دوم شنبه یا یکشنبه صعود داره. دیگه نوسانگیر و حقوقی نمیتونن سهم رو خراب کنن چون پول زیادی از شاخص سازها خارج شده و به سهمایی مثل صبا و … وارد شده.,positive
کف کانال تکنیکال جای خوبیه برا خرید یک افشا الف از عرضه اولیه سهام داره ویژه افراد بینیادی کار و صبور که دنبال سود های عجیب در بلند مدت هستن یک شرکت با ناو خوب و p/e عالی و بنیادی برای بلند مدت اصلاح خوبی کرده کف کانال هست جای خوبیه برای خرید,positive
یکماه پیش صبر کردیم تا 3800 رسید بازم سهامداری کنید و صبورباشید این دفه تا 5600خواهد رفت,positive
خوبه. جای امیدواری داره,positive
تو این بازار که همه سهم ها بیخودی رشد کردن این سهم طلای 24 هست,positive
صبا - روزانه. با توجه به ،واگرایی احتمال رشد سهم تا اهداف تعیین شده وجود داره. هدف اول: محدوده ی 5300 تومان. هدف دوم: محدوده ی 7200 تومان. حد ضرر : محدوده ی 2800 تومان. سهم با توجه به eps عالی (بالا) ، p/e خیلی خوب (پایین) ، سودآوری فوق العاده پتانسیل رشد بالایی را داره. همچنین P/NAV سهم حدود 80 درصد می باشد که ارزش ذاتی قیمت فراتر از قیمت بازار کنونی سهم است. بنابراین با خیال راحت سهامداری کنید. پرسود باشید.,positive
تامین سرمایه امین هفته آینده عرضه میشه,positive
بیشترین ورود پول هوشمند در یک ماه اخیر بورس ب سهم صبا بوده. یعنی حقوقی ها با کدهای حقیقیشون خرید کردن و حقیقی های درشت وارد این سهم شدن حقیقی های اگاه از اخبار صبا. صبا در یک ماه پیش رو سوگلی بورس میشه شک نکنید,positive
این هفته افشای الف داره شک نکنید,positive
سهم چه طوری بگه شنبع یا یکشنبه منو بخرید البته مسولیت خرید و فروش با شماس,positive
دیروز تابلوش جالب نبود اما امروز عالی بود,positive
تبرییک. تبریک به شما. تبریک به همه. تبریک به خودم,positive
آقای دکتر مرتضی عباد سهامدار این سهم هست.,positive
سلام به همه دوستان عزیز سهامداران صبا این تحلیل بنده را توجه کنید و به خاطر بسپارید. صبا یه شکت بزرگ زیر مجموعه شستا با دهها شرکت زیر مجموعه خود است شما فقط کافیه p/e سهم را ببینید. سود سازی شرکت را ببینید. چی میخاین مگه از یک سهم. انتظار دارید هر روز مثبت 5 بخوره؟. یه کم توجه کتید. حکشتی تا 50٪ افت قیمت کرد. ولی الان بیش از 180 درصد رشد کرده. برید ببینید. سهامداری کنید فقط. یا بخرید. مدام نفروشید و بخرید مول تو جیب کارگزاریها کنید که هیچوقت در بورس موفق نخ دهید بود,positive
عدد روی 13 ایچیموکو تغییر روند بعد روی عدد 26 اصلاح کوتاه و ... ... 36 54,positive
سلام بچه ها اصلاح زمانی ایچیموکو تایید میکنه روی عدد 13 شنبه صعودی بعد روی شماره 26 دوباره اصلاح و پولبک به نقطه 36 و 54 بعدش,positive
دولت دارای 60 درصد سهام صبا تامین هس و 30 درصد شستا. با مدیریت صبا عملا سهم شستا رو مدیریت میکند. دقت کنید سهم صبا بایستی تا پایان امسال بیش از ده برابر شود ،. کسانی که دارند سهامداری ، در صورت نقد بودن اضافه کنن,positive
عالیجناب فرابورس. این قیمت ها براش خاطره میشه.,positive
سلام من دیروز کامنت گزاشتم و خواستم این سهمو بفروشم و خیلی از عزیزان اینجا گفتن نفروش منم به حرفشون اعتماد کردم و نگه داشتم امیدوارم جواب اعتمادمو از شما و این سهم بگیرم و همگی کنار هم سود کنیم با تشکر,positive
سلام دوستان. صبا متاسفانه به دلیل پشتیبانی و حمایت از سهم های زیرمجموعه خودش این یک ماه درگیر بود وباموفقیت پرچم سهم های زیر مجموعه رو بالا آورده وبا وعده بازیگر از هفته اینده رشد خودش رو شروع میکنه با خیال راحت خرید کنید,positive
نزدیک 3000 رسید شکار کنید. اونایی که سهم رو دارند نگران نباشن ، هرچی بهتر اصلاح کنه بهتر رشد خواهد کرد. یکم زمان میبره. اونایی که ندارن کم ریسک ترین نقطه ورود نزدیک سه هزار تومان هست.,positive
با هدف 5200 برای یکماه پیشنهاد میشه,positive
صبا عرضه اولیه ای که در اواسط اردیبهشت ماه ورود کرده و قیمت فعلیش از روز اول عرضه تنها 175 درصد رشد کرده و ما خوب میدونیم اکثر قریب به اتفاق عرضه اولیه ها تا 3 تا 4 ماه بعدشون بالای 200 درصدو میزنند. این تا اینجا که قیمتش نسبت به بنیادش ومقایسه با سایر عرضه اولیه های چند ماهه بسیار جذاب هست .موضوع مهم دیگه اینکه افزایش سرمایه سه برابری خودش در راهه که بزودی عملیاتی میشه و قیمت بعد افزایش دوباره میشه قیمت روز اول عرضه اولیه که بسیار جذاب و عالی خواهد بود. اگر نقد داشتم بیشک تا میتونستم اضافه میکردم.,positive
بیشترین ورود پول هوشمند. نگران روند کندش نباشید. کسایی که وارد سهم شدن زیادی خونسرن,positive
صبا سهمیه که نباید نگران خریدش باشین.شنبه هم بخرید قیمت عالی خریدین تا سه هفته دیگه حداقل 60٪سرمایه تون رو افزایش میده.(نمیتونه این قیمت ها بمونه راهی نداره باید بره بالا,positive
همچنان قدرت خریدار بسیار بیشتر از فروشنده ... ,positive
در کانال اقتصاد ایران ، اکنومی آندرلاین ایرانی ، سیگنال شد. 😁,positive
ارزش دارایی صبا 70 همت که با یه تقسیم ساده قیمت هر سهم 4600 هست.,positive
اگه از همینجا حمایت نشه میره برای الگوی bat فقط امیدوارم با توجه به اتفاقای خوب امروز حتما حمایت بشه,positive
پول هوشنمدی و بزرگی که از سهم های فولاد و فملی خگستر و بانکی ها وکلا سهم های غول خارج میشه داره با سهم هایی مثل صبا و ومهان و وخوارزم و کلا سهم های متوسطی که ارزش بالایی دارن میان اینو مورد توجه قرار بدین,positive
هرچند تحلیل تکنیکال یعنی بررسی گذشته سهم و پیش بینی اینده و این سهم گذشته ای ندارد. لیکن بهترین نقطه جهت خرید می باشد,positive
این سهم تازه اولشه یه کوچولو بالا پایین میکنه.ولی با نگاه میان مدت سود عالی بهتون میده. نگران نباشین. پیشنهاد خرید برا کسایی که ندارن. ویه پله ورود دیگه برا افزایش سهم,positive
هرکی نخره شنبه پشیمون میشه,positive
پنجمین تامین سرمایه در بورس درج و آماده عرضه اولیه 15 درصدی شد. در ترکیب سهامداری این شرکت با سرمایه 900 میلیارد تومانی و 81 نیروی انسانی ، سرمایه گذاری صبا تامین با 28.6 درصد ، صندوق بازنشستگی کشوری؛ صندوق بیمه تامین اجتماعی روستاییان و عشایر و سرمایه‌گذاری امید هر کدام 14.3 درصد ، گروه مالی ملت 10 درصد ، سرمایه‌گذاری تدبیر 9.3 درصد ، سرمایه گذاری پویا 5 درصد ، بهساز مشارکت های ملت با 4.3 درصد و سرمایه گذاری هامون شمال با 20 هزار سهم حضور دارند.,positive
بفرمایید ، تامین سرمایه امین هم درج نماد شد ، صبا مالک 20 درصدشه ، بزودی با عرضه اولیه امین ، صبا مثل جت جنگی می ره بالا .,positive
بلاخره تو کوچه ی مفت ترین سهم بازارم عروسی میشه,positive
خبر موثق: افزایش سرمایه اش توسط بورس تایید شده ، امروز میاد رو کدال. مبارک سهامداران صبور,positive
سهم با بفروشند به ای 8 و افزایش سرمایه 200 درصدی و کف کانال و با حمایت سنگین حقیقی و ورود پول هوشمند مگه چندتا تو بازار داریم که اینو میفروشید؟ کسی که صبا رو اینجا بفروشه هیچوقت تو بورس سود نمیکنه.,positive
فروش بالای حقوقی و قدرت خرید دوبرابری حقیقی تو کف کانال یعنی پایان اصلاح و سیگنال خرید.,positive
آخرین فرصتهای خرید,positive
دیگه تو این قیمتا کم ریسکه انصافا,positive
فک کنم داره گاز میده,positive
با سلام و عرض ادب. اگر توجه کرده باشید ، در روزی که همه سهام بزرگ صف فروش سنگین دارند ، صبا در حال بازگشت است ، همچنین صبا خیلی بعد از اونها افت کرده و خیلی کمتر افت داشته. سهمتان را نگاه دارید,positive
افزایش سرمایه اش توسط بورس تایید شده حقوقی مفت نخره ازتون مواظب باشید,positive
افزایش سرمایه امروز یا شنبه میاد روی کدال,positive
ماه گرفتی در حال اتمامه ... .,positive
شنیدم شنبه افزایش سرمایه هست,positive
شک نکنید تا یکی دو روز دیگه خبر افزایش سرمایه میاد من حرکت حقوقی رو قشنگ زیر نظر دارم تو 5 ثانیه 5 میلیون سهم فروخت,positive
قدرت خرید 2 برار قدرت فروش هست بازم بفروشید,positive
چه قشنگ حقوقی داره کد به کد حقوقی به حقیقی میکنه ... هر چه حقوقی از این کارا کنه من بیشتر جذب این سهم میشم مطمئنم خبرایی نزدیک است,positive
اینایی که الان اینجوری تو منفی 5 میفروشن ، به زودی میان تو صف خرید صبا,positive
افزایش سرمایش داره تایید می شه اخراشه سر ماه خبر های خوبی هست,positive
صبا چسبیده ب خط حمایت دیگه بعید میدونم پایینتر بیاد ، احتمالا آخر وقت حمایت میشه واقعا بیخردیه فروختنش ، اگه امروز منفی بمونه شنبه صف خریده این حرف من یادتون بمونه,positive
کف کانال و آماده صعودی دوباره,positive
زیر 3 هزار تومان بیاد تک سهم میشم,positive
خروج پول هوشمند از نمادهای شاخص ساز بارز و مشخصه. بزرگان بورس با سودهایی که کردن ، دیگه اینقدر نقدینگی دارن ، که نمادهای کوچک مثل غذایی ها کشش جذبش رو ندارن. پس پولشون رو به سمت نمادهای متوسط بنیادی که از بازار هم عقب موندن مثل صبا میارن. فردا صبا متعادل میشه و از هفته آینده صعود میکنه.,positive
من امروز اضاف کردم. فردا هم اگر منفی بشه اضاف میکنم.,positive
اصلا صبا نسبت به سهم هم تراز خودش رشدی نداشته ، از چنگ تون درش نیارن,positive
تو کوچه ما هم عروسی می شه حالا ببینیم چی میشه. صبح دوباره جان عزیزتان سف فروش درست کنید فقط بفروشید گل های من,positive
به نظرم منفی شستا مساوی با ورود پول هوشمند تو صبا شنبه صف خرید موفق باشید,positive
سلام دوستان پول هوشمند درون سهم هست و داره سهم رو جمع میکنه .من خودم 20 درصد ضررم .فردا به خط روند میان مدت برخورد میکنه و برمیگرده,positive
صبا آخرین فرصت ورود فردا است با توجه به عرضه اولیه و شود بسیار بالا و ورود صهامدارن تازه نفس از شستا و خودرو و. صعود شارپ باید بکنه. سیگنال نیست خودتون فبل از ورود تحلیل و بررسی کنید بعد وارد شید.,positive
از بنیادی ترین سهم های بازاره هواستون باشه چی میفروشین,positive
اگه طبق روال هفته اینده هم عرضه اولیه اش انجام بشه یه افشای الف قشنگ داریم برای صبا,positive
تک سهم با صبا میرم جلو فعلا 18 درصد سود,positive
تامین سرمایه امین از زیرمجموعه های صبا در بورس پذیرش شد. خبری مثبت برای نماد صبا,positive
بخاطر حقوقی فروختم رفت واقعا حقوقی سهام دارا رو بازی میده ولی سهم خوبیه واسه بلند مدت,positive
به نظرم شنبه روند صعودی سهم شروع میشه,positive
در حال تکمیل انتهای موج دوم اصلاحی و از هفتهٔ بعد رشد قیمتی در قالب موج سوم,positive
اصلاح قیمتی سهم نهایت اول هفته آینده به پایان میرسه. بعدشم اصلاح زمانی داریم ک البته کوتاه,positive
سود برج 5 و افزایش سرمایه برج 6.,positive
دیروز گفتم چهارشنبه آخر وقت خودش نشون میده ، صبوری کنید مزد تون میگیرین,positive
دقیقا موافقم فاضل جان. احتمالا تعداد زیادی از سهامداران شستا کم کم ازش خارج میشن و صبا میخرن. این قضیه ممکنه خیلی به روند صعود صبا در هفته آینده کمک کنه,positive
من پیش بینی میکنم فردا سهام داران خارج شده از شستا و نمادهای خودرو و … میان سمت صبا و وصنعت,positive
فعلا این سهم و وصنعت قویترین سهم های بازارند. برید ببینید,positive
بنظر من صبا از شستا هم بهتر میشه,positive
صبا هدف: کوتاه مدت 42000 و میان مدت 54000 حد ضرر: 28000,positive
با توجه ب هم گروه ها جا مانده,positive
صبا یه سهمیه که اصلا جای نگرانی نداره!فقط بخربذارگوشه وگوشیتم خاموش کن بعد6 ماه بیا نگاه کن فقط صبا وشستا وسیتا,positive
صبا و شستا هر دو عرضه اولیه بودن در ماه های گذشته. ارزش گذاری کارشناسی شستا 850 تومان برای هر سهم و صبا 1200 بوده ، حالا شستا بالای پنج هزار تومانه هر سهمش ولی صبا جامونده. واقعا الان با توجه به پرتفوی و صورتهای مالی و سودآوری صبا ، این قیمت براش سوپرمفته. ارزش واقعی صبا رو بزودی خواهیم دید. پس در خریدش تردید نکنید,positive
انتهای موج چهارم احتمالا مابین فیبوی 0.382 و 0.50 موج سوم و رشد تا 44000 ریال (محدوده قرمز),positive
امروز 200 میلیون خرید کردم و به جرگه سهامداران صبا پیوستم. صبا مثل شستا آبروی بورس ایرانه ، خواهشا درست سهامداری کنید,positive
اصلأ اینطور نیست. بعد از این اصلاحها ، من 49 درصد تو سودم. این سهم فوق العاده بوده و هست,positive
خودم توی ضررم. اما فروشنده ی صبا نیستم و اگرم نقد بشم از سهمی به صبا اضافه میکنم چون به روزهای آینده اش اعتماد دارم. بورس همش رنگ سبز و +5 نیست. بورس همش صبره صبر البته به پای سهم خوب نه سهم آشغال. که صبا از بهترینهاست. .,positive
دیگه جونی برای فروشنده ها نمونده احتمالا از فردا یا نهایتا شنبه مثبته انشاالله,positive
واسه اون افرادی که زیر قیمت پایانی دارن میفروشن متاسفم.شما برو غاز بچرون کف قیمت فردا بیشتر از اون چیزی هست که امروز داری میفروشی.تو 5% منفی داری میفروشی قیمت فردا اگر 5% منفی هم بخوره از امروز بیشتر میشه. چرا آخه؟ فردا یا شنبه این سهم صف خریده سنگینه.موفق باشید,positive
کاملا با قواعد میره جلو,positive
منتظر تایید کندلی و خرید فعلا تا سقف قیمت 39000,positive
فردا اول بازار منفی و ساعت 9:30مثبت 5تماشا داره,positive
امروز هر کی خرید برد,positive
دوستانی که به هر دلیل سهم صبا رو نفروختن تا الان. دیگه الان وقت فروشش نیست. اصلاحش داره تموم میشه و فروش سهم عاقلانه نیست. البته هرکسی اختیار سهم خودشو داره و من فقط نظر شخصی دادم. بازم هرجور خودتون صلاح میدونید. من دیگه الان فروشنده نیستم. موفق باشید💐,positive
آره کار بورس تمومه. صبا ورشکستس ، حمایت رو از دست داده و. شما بفروش برو. که اصلا بعید میدونم صبا رو داشته باشید. دلت به حال ما نمیخواد بسوزه. فقط برووووو. چند وقت دیگه هم بیا یواشکی نگاه بنداز و رشدش رو ببین و بازم برووووو ... ,positive
آخرای اصلاحشه. الان خارج شدن اشتباهه,positive
توصیه اکید به نگهداری,positive
درگیر موج 4 بودیم که به زودی وارد موج 5 میشیم. همچین حرکتیو براش متصورم,positive
صبا افزایش سرمایه 200 درصدی داده زیر مجموعه شستا. pe8 داره از اون بهتر نداریم که صبر کنید تا روندش شروع شه,positive
امروز هرچه منفی میخورد جمع میکنند قیمت سهم تا پنج هزار میرود .این اونای که بورس بازند میفهمند .من خودم امروز 20000 خریدم. تو صیه به خرید دارم,positive
ای صبا جان هر چه قدر هم بازیم بدی ازت پیاده نمیشم. تمام,positive
سهم داخل منفی پنج بعد برید قدرت خریدار رو ببینید نفروشید که هفته دیگه حسرت میخورید,positive
فردا منفی شد عالیه واسه خرید,positive
بازیگرای صبا دارن ازتون نوسان گیری میکنند. خودتون گول نزنید که یک روزی میره بالا. بله یک روز بالا میره ولی فعلا با نوسان گیری دارن جیبتون خالی میکنند.,positive
دوباره خرید کردم خرید اول روی 2300 خرید بعدی هم الان روی حمایت خرید کنید. 200 درصد افزایش سرمایه. 424 تومان سود. بفروشند ای 8. سهامداری کنید,positive
وژدانن دو دقیقه روی سهم زوم کنید چطور صف هاتون جمع میشه,positive
اقا سهامداری کنید چرا دارید به حقوقی سود میدین,positive
چه سهم ماهیه. معرکه ست. کسی که تکنیکال بلده میدونه چی میگم. فردا ورود سنگین.,positive
امروز اکثر سهمها فرصت خرید بسیار خوبی دادند.,positive
بازار داره برمیگرده نفروشید!,positive
خوشم میاد این سایت خیلی دلسوز داره و یه عالمه استاد فن..شما که میدونستید تا اینقدر پایین میاد چرا اومدی تو سهم ..ایست میکردی اون موقع میامدی ... بابا چند روز اومدین تو بورس شدی استاد بورس ایران..,negative
دوستان این سهم روی موج 4 هست و تا 3210 خواهد رفت علاوه بر ان شکست حمایت 3840 دقیقا همین را تایید خواهد کرد. ایرادی هم به سهم وارد نیست در حال اصلاح هست تکمیل آن هم زمانبر هست حداقل 2 هفته. حتی اگر 3200هم رد بشه 2408 قویترین حمایت خواهد بود. مثل من میانگین کم کنید. با صبر سود می کنید. موفق باشید.,negative
باتوجه به کراس شدن خط macdاز بالا نسبت به خط سیگنال برای فروش را تایید می کند. و به نظر من تا محدوده 250\255باز خواهد گشت,negative
سلطان فقط وبصادر و خبهمن و شستا /,negative
تا 3204 اصلاح میکنه(نظر شخصی),negative
اگه اندکی سواد تابلو خوانی داشتین وقتی میدیدین 650 میلیون حجم صف فروشه پس شنبه هم منفیه اینو هر خردسالی میدونه. حجم صف فروش چهارشنبه و سه شنبه رو با یکشنبه مقایسه کنید,negative
اول هفته پیش بهتون گفتم این سهم وارد اصلاح شده میتونید تو پیامها ببینید. الانم دارم میگم یک ماه از این سهم انتظار سود نداشته باشید.,negative
هرکی موافق شاخص سازا تو اصلاحن و تجارت تا 300 منفی میشه زیر این کامنت یه لایک بنویسه,negative
من نمی دونم ولله چقدر ادم باید حقیر باشه که دوست داشته باشه فقط بهش توهین بشه. .,negative
الان در بیشتر گروه های خودرو بزرگترین مشکل همین 25 درصد شناوریه چه خودرو چه خساپا,negative
نفروشید لطفا,negative
سهام بانکی نهایت 10 تا 15 درصد دیگه منفی دارن.احتمالا شنبه مثبت بشن و بعد دوباره دو روز منفی. پشت بندش به زبون ساده رشدش شروع میشه. به حرفای الکی به اصطلاح سابقه دارای بورس کوچکترین اهمیتی ندین.این دوستان هنوز شاخص کل رو نمیدونن چیه تا چه برسه تحیلیل و تکنیکال کردن نماد.,negative
وتجارت. 350 چیه برادر من این سهم تا 280 میریزه و بعد شاید درجا بزنه یک ماهی بزور برسه همینجا که هست ، فقط باید فروخت,negative
خیلیا اینجا تو فاز آلبوم خاطراتن ، بابا سهم سقوط میکنه همتون ضرر میدین,negative
بده به فکر اینم مردم کشورم ، هموطنای سختی دیده این مملکت ضرر ندن. بابا هزار تا دلیل آوردم این سهم ریزشیه شدیده بفروشید ، خدا داند که عوامل وتجارت اینجا تو کامنتا چقدر به به چه چه میکنن که سهم نریزه ولی میریزه و خیلیا بدبخت میشن,negative
جناب sharping واقعا خجالت نمیکشی میای منفی میگی دل سهامدارانی که تازه واردن رو خالی میکنی هنوز نمیدونی این سهم سهامدار عمدش کیه و چه اهدافی داره و ریز این مدت برای چی هست همه جمع موافق هستن که شما دیگه اینجا پیام ندی,negative
سلطان و تجارت خسته کن قشنگ بیان پایین تو صعود اذیتمون نکنن,negative
شنبه منفیه ، این سهم تا دو هفته منفی میخوره,negative
سلام وقت بخیر.البته نظر شخصی منه ، بازیگردان سهام وتجارت کارش خسته کردن سهامداره 🌹,negative
جناب sharping یه سوال ساده ازت دارم مهمترین فاکتور تو تابلوخانی چیه؟ لطفا جواب بده تا بحث کنیم اما اگه جواب ندادی دیگه منفی بافی نکن,negative
وتجارت o7er 7alue و کف سازی درست حسابی نکرده ، خیلی ریزشیه مثل سقوط آزاده هیجانش زیاده ، قیافهاتونم دیدنیه اونموقع ، بفروشید البته خود دانید,negative
--بخدا سر غسالم همین بلا اومد دقیقا همین ماجرا اینجا هم تکرار میشه یکدفعه 60 درصد ضرر داد همه میگفتن فلان اضافه میکنیم بخرید ، مثبته و هزار تا دلیل من با 15 سال سابقه کار کردن تو یکی از کارگزاری های معروف میگم این سهم بزودی خیلیارو بدبخت میکنه ، بشدت ریزش,negative
چقدر اینجا دلسوز زیاده همه دلسوزا هم میگن مباد پایین همه چی نابود میشه😇,negative
سهم به شدت ریزشیه تا 280 میریزه ، اینایی که روی 400 خریدن میان اینجا خوب میگن هیچیم بارشون نیست تا دلشون خنگ شه بلاخره سرمایشونه خب حقم دارن ولی عزیزان سهم ریزشیه تا 280 میریزه بفروشید,negative
سهم تا 280 میریزه ، بدبخت میشید ، وتجارت سریع شنبه اول صبح بفروشید ، سهم تا قبل مجمع و یک هفته بعد مجمع منفی میخوره و خیلی ضرر میده ، از من به شما نصیحت,negative
بابا مجمع عادیه ، افزایش سرمایه کجا بوده عزیزای من,negative
بچه ها فکر کنم صف فروش شنبه بالا 1 میلیارد راحت بره آدم به این جماعت چی بگه اخه هنوز صف فروش 654 میلیون,negative
این وبصادر وتجارت بدبختمون کردن به مولا ، کی درست میشه؟,negative
دوستان عزیز بانک تجارت یک بانک ورشکسته است ، و تا این قیمت هم الکی اومده. حالا چه قماری روشه الله اعلم. یکی از روسای بانک تجارت میگفت فعلا تا یه مدتی تو اصلاحه. ولی هدفش 600 تومانه که بلندمدت باید روش حساب کرد. اصلاحشم عمیقه که حتی ممکنه بره زیر 300 تومان. اگه بیاد رو‌300 منم میخرم.,negative
یکی از عللی که همچین عناصر ناپاکی اینجا میان خود ماییم ... اگر تو صف فروش نریم و سهم رو پایین نکشیم اینها غلط بکنن اینجا بیان ... مگه جرات دارن تو صفحه خساپا برن,negative
سهم تا 280 منفیه ، این خط اونم نشون ، بعضی از حرفاتون میشنوم خندم میگیره ، اینجا پر از تازه کار و بچست ، سهم تا 280 میریزه به خودتون دلگرمی الکی ندید ، من 15 ساله تو بورسم ، شک نکن هموطن,negative
دقیقا این پویش در خساپا اجرا شد و نتیجش رو دیدین ... متاسفانه نه در تجارت اجرا شد و نه در خودرو ... ..ولله من خودم تو این روزها به حد توانم از جفتشون خرید کردم. .ای کاش کمی اتحاد بیشتری داشتیم..,negative
من خودم خودرو دارم و تجارت ... ولی حقیقتا امروز خیلی حال کردم وقتی دیدم دولت بواسطه حقوقی خساپا هر کاری کردن نتونستن سهمشون رو پایین بیارن ... دوستان بچه های خساپا مردونه یک جنگ تمام عیار رو بردن ... .باشد برای دوستانی که غرق صفهای فروش میشن ... .واقعا برین ازشون یاد بگیرین..,negative
بابا نرید تو صف اخه چی میخوایی بخری چرا تو منفی پنج میری میفروشی,negative
وتجارت تا 350 ت اصلاح میکنه. بعدش میره مجمع سالانه هفته آینده یکشنبه سهم بسته میشه,negative
تا 15 م که مجمع داره احتمال اصلاح هست,negative
به بانکها اعتماد نکنید شستا عالیه تازه رشدش رو شروع کرده این سهم تا 100 تومان میاد پایین اصلاح سنگین داره,negative
وتجارت 100 تومانی میشود خخخ,negative
این سهم تا 355 اصلاح داره 11 درصد دیگه صبور باشید صرفا نظر شخصی,negative
حقوقی بیفکر حتی تو صف فروش هم دست از سر سهم برنمیداره,negative
این صف فروش چند صد میلیونی جمع نمیشه والا😄 من که دارم ضرر میکنم,negative
به نظر از شنبه سقوط میکنه.,negative
بانکها رو که میگن ورشکسته اند,negative
خدارحمتش کنه ، توتایم هفتگی واگرایی منفی داره,negative
در ایران تحلیل جواب نمیده چون وابسته به سیاسته,negative
نزول تا حدود 100 تومان مورد انتظار است,negative
سه خبر مهم در اینده نزدیک داره افزایش از محل تسعیر. عرضه دو شرکت زیر مجموعه در بورس. مطمین باشید تو گروه بانکی در پایان سال بهترین بازدهی را خواهد داشت فقط باید میان مدت به بالا نگهداری کرد. شاید قبل و بعد مجمع چند روز اذیت بکنن سهم را,positive
به امید خدا ازشنبه شروع رشده در صف فروش نرید خبرهای خوب تو راهه,positive
خبر خوب برای سهامداران وتجارت. ✅ با موافقت بانک مرکزی و سازمان بورس ، برنامه افزایش سرمایه از محل سود تسعیر نرخ ارز ، در برنامه سال جاری بانک تجارت قرار گرفت که پس از تهیه گزارش توجیهی ، این افزایش سرمایه نیز در مراحل اجرایی قرار خواهد گرفت.,positive
1000 تومان برای این سهم اصلا دور از ذهن نیست,positive
انتظار رشد شارپی از این سهم در هفته بعد اصلا دور از انتظار نیست,positive
سهم خیلی خوبیه,positive
دوست عزیز کمتر 5 دقیقه صف رو جمع میکنن شنبه حالا ببین,positive
شنبه اگ 30000 تا بخرم ... ..میشه 200000سهم. رشد شارپی از شنبه شروع میشه,positive
دوتا کندل منفی بازم میزنه (کندل سه کلاغ)بعدمنتظر صعود باشید.,positive
من دومیلیون سهم خریدم میانگینم هم 390 تومانه قبل 1200 هم به هیچوجه نمیفروشم هیچ سهمی ارزشمندتر از این سهم نیست واقعا طلاست یکبار ازاین سهم خارج شدم تو 190 تومان ضررش هم دیدم به هیچوجه حالاحالاها فروشنده نیستم,positive
این سهم با ارزش مشخصه سهام شناوریش هم از 25 درصد بالاتره پس دیگه خطر ریزش و اصلاح جدی تهدیدمون نمی کنه.,positive
خیلی ها کمین کردن بخرن مراقب سهمتون باشین ... ,positive
تعداد سهمای زیر 1000 تومان انگشت شمارن یکیش وتجارت و یکیش هم وبصادر هست.,positive
وتجارت جان هرچی بیشتر پایین بکشی ما بیشتر هوس میکنیم.,positive
وتجارت خبرای خوبی توی مجمع توراهه فقط سهامداری بازیگر و حقوقی میخواد سهم از چنگ یکسری ادم های ساده و تازه وارد دربیاره این اقای ***شارپنگ**فروخته و الان نقد هست و دنبال منفی بافی و خدا خدا میکنه سهم منفی بخوره خدایش الان چقد نقدی بگو تا بخندیم,positive
وتجارت با برخورد ب میدلاین کانال دجار اصلاح شد. امکان اصلاح تا 350 و سپس ادامه رشد … باید شنبه منتظر ماند .,positive
اصلاح ذات بازاره اگه اصلاح نباشه و بازار یه سره بره بالا که همه چی از هم می پوکه … پس قبل از اینکه تو دل دوستان هم نوعت را خالی کنی اول به سیگنالها نگاهی بنداز بعداً اظهار نظر کنید … روزگاری این سهم با قیمت 496 ریال باز شد و تا 366 هم ریزش کرد اما الان می بینی که داره با سرعت به سمت هدفش میره انشاله پرسود باشید,positive
این قیمت ها به زودی خاطره میشه برا همتون,positive
وتجارت شیر نر تالار شیشه ای🚀,positive
انشاله شنبه تو صف خرید می بینمتون,positive
شنبه ورود گروهی سنگین داریم این سهم طلاست,positive
تو ضرر نیستم میانگین کم میکنم ... .بهترین کار همینه,positive
دستت درد نکنه بابت اطلاع رسانی. ولی ما شنبه هم اضافه میکنیم ... .,positive
دوستان عجول ، حداقل تا 1000 صبر کنید … موفق و منصور باشید .,positive
تا آخر شهریور سهام زیر هزارتومان نداریم,positive
بزرگترین بانک بورسی ایران=وتجارت,positive
سلام به نظر بنده و با تحقیقاتی که انجام دادم از هفته آینده اکثر سهم ها از جمله وتجارت رشد خواهد داشت. (و با توجه به اینکه در تحریم هستیم به قول یکی از دوستان بزرگ که در امور هستن و دستشون توکاره تا زمانی که تحریم ها برداشته نشه به همین صورت رقم ها افزایشی خواهد بود ). پس مقداری اگر صبور باشید و سهامداری کنید حتی اگر تونستید بخرید چون در این وضعیت مملکت همیشه خریدار برنده هست و مقداری سهامداری کنید که به سودی که میخواهید برسید.,positive
و فکر هم می کنم به هممون انشالله سود خوبی هم میده,positive
انشالله ما که روی این سهم طولانی مدت اقلا تا فروردین فکر می کنیم..,positive
بعد از مجمع دامنه نوسان نامحدود. میگید نه بهتون ثابت میشه. اگه مثبت 100 نخورد,positive
من نمی دونم دیگه تجارت که از دی کمتر نیسا از هیچ لحاظی الان سهم دی رو 6000 تومانه,positive
یکی دو تا سهم هم دارم میفروشم ... .به وتجارت اضافه میکنم,positive
آخه حیفت نمیاد سهم با ارزش وتجارت رو مفت می فروشی دوست من؟,positive
شنبه انشاءالله 30000 سهم اضافه میکنم,positive
فقط امیدوارم روز مجمع یه افشا هم بزنه که دیگه نامحدود باز شه ... ,positive
با توجه به اینکه بعد مجمع شاخص دو میلیون رد میکنه به امید خدا انشاءالله عالی میشه. .بسیاری از دوستان +20 الی +30 در صد تخمین زدند,positive
انشاءالله شنبه 30000 سهم اضافه میکنم ... .,positive
تا میتوانید بخرید ... .البته شنبه تو مثبت میخرید,positive
اصلاح دیگه تمومه ... .از شنبه انشاءالله بازار صعودیه. بزرگترین سرمایه دار بانکی کشور,positive
دوستان هر سهم بزرگی نیاز به اصلاح داره مثل وتجارت فملی و. اصلاح با تایید کندل بازگشتی شروع شده و هدف اصلی حمایت قدرتمند 3076 خواهد بود. توصیه اینه که بصورت پلکانی ورود یا میانگین کم کنید. پیروز باشید.,positive
وتجارت سهمی که تو هر شهری ملک داره هر چقدر دوس داره شل کنه ما ول کن نیستیم تجارت جون,positive
سلام. فقط وتجارت,positive
سهم خوبی است در فروش آن حوصله کنید .عجله نکنید سهم خوب وهمیشه پر مشتری است.,positive
وتجارت و وبصادر جنسی از طلا ... ,positive
سهم حتی تا 280 تومان هم بیاد ما سهامداری میکنیم و پله ای خرید ولی متاسفانه باید این اصلاح سهمو قبول کنیم چون شاخص ساز ها همشون اصلاحشونو شروع کردن و داشتن مجمع هم اصلاحو سهمو شدیدتر کرده. سهامداری سهامداری,positive
وتجارت ❤️❤️❤️,positive
به کوری چشم همشون شنبه سهممون زو حمایت می کنیم..,positive
فقط وتجارت رو عشقه,positive
تقریبا میشه گفت نمودارش مثل وپارس رشد کرده. بنظر یکی دوتا کندل منفی دیگه داره سپس به رشدش ادامه میده. محدوده 390.360حمایت خیلی خوبی داره. پرسود باشید,positive
تا آخر با تجارت,positive
سلام دوستان عزیز. آقا از لحاظ تکنیکال با خیال راحت با 10 درصد منفی احتمالی روند صعودی خودش رو از سر می‌گیره. خیالتون راحت باشه. احتمال خیلی ضعیف بخواد از فیب 23 پایین‌تر بیاد که اگر بیاد تا 316 میاد پایین و نه 280. الان بهترین وقت برای ورود به سهم هست اما پله ای که اگر فیب 33 به پایین شکسته شد خرید بعد رو هم رو پله ای بعد داشته باشین تا کم‌ترین ضرر رو تو خرید فعلی و بیشترین سود رو در آینده داشته باشین. ان‌شاالله. موفق باشین,positive
فته آتی میبینید,positive
سهم زیر 500 با این شناوری میشه طلا,positive
من با ضررشم هستم,positive
من شنبه توصف خریدم.,positive
رتبه 2 نقد شوندگی در بورس ایران است تجارت دیگه چی می خواهید,positive
رتبه نقد شوندگی 2 در بورس ایران. نترسید نگه دارید دنبال سهم های زپرتی با نقد شوندگی مزخرف نروید,positive
پرواز ... ..,positive
پارسال سهم شپنا این موقع ببینید چقدر بوده. موفق باشید و صبور,positive
میخوان سهمای خوب مثل تجارت صادرت و خزامیا رو از دستمون دربیارن من هرسه تاشم دارم هرسه منفیه ولی دیگه زیاد پیگیر منفی مثبت نیستم چون اگه بفروشم خیلی ضرر میکنم حداقل اینا مطمئن ترن,positive
سلام. این روزها بهترین فرصت افزایش سهم هست هر روز 5000سهم اضافه کردم,positive
عزیزان کسانی که سردرگم هستید .ببینید وتجارت روی حمایت قوی فیبوناچی هست که بالای 99٪ همیشه دقیق عمل میکنه و اینکه این سهم تو این قیمت اصلاحی بیش از 3 یا 4 روز نداشته اگر نرید تو صف فروشی که حقوقی درست میکنه برای خرید سهم در قیمت پایین سهم قطعا شنبه مثبت هست یکم از سهامداران خساپا یاد بگیرید کافیه,positive
دوستان خوبم وتجارت نزدیک یک سطح حمایت قوی تاریخی هستش و بخاطر همون حمایت خوب به احتمال زیاد شنبه سهم برگرده ، اکه تایم فریم هفتگی یا ماهانه رو بررسی کنین متوجه میشین ، اگه هم حرفم اشتباهه خواهشاً اصلاح کنین اشتباهم رو ، ممنون ، پر سود باشین,positive
اخه سهم چهارصد تومانی اصلاحش کجا بود داستان چیه بورس داره سقوط ازاد می کنه؟,positive
اگه بازار همش رو به بالا باشه کسی سهمشو نمیفروشه معاملات راکد میشه باید ریزش باشه تا به سری بفروشند بعد تو رو به بالا جذابیت داشته باشه برای خریدن سهم از دست رفته,positive
MACDرو نگاه کنین بد نیست خط سیگنال و خط روند افتادن روی هم فشردگی خط روند و خط سیگنال همیشه قبل از یه رشد بزرگ اتفاق میفته تا میتونین بخرین,positive
شنبه به حمایت خوبی بر خورد میکنه بازار هم احتمالا خوبه پس شنبه برمیگرده سنگین در کف قیمت جم کنین ک ب این قیمت سهمی در بازار نیست,positive
عزیزان یه نکته ریز ... ازونجایی که وتجارت از وبصادر عقب تر هست زودتر مثبت میشه. با توجه به صف فروش سبکتره وتجارت و حجم بیشتری که نسبت به وبصادر تو این چند روزه منفی خورده همه چی مشهوده ... .دقیقا وتجارت مثل الان خساپا عمل میکنه ... خساپا هم چون از خودرو عقب تر هست هنوز منفی نشده و شاید هم نشه. در کل دوستان:صبر=سود ... عجله و هیجان=ضرر,positive
یکم اصلاح کنه خوبه برای هدف اصلی🚀,positive
شیر نر تالار شیشه ای,positive
افزایش سرمایه رو بزنه پرواز,positive
این بهترین فرصت خریده. حالا خواهید دید,positive
محکم بشینید صف تازیر پاتون علف سبز شه,positive
افزایش سرمایه قطعی است. منتظر سود بالا باشید,positive
فقط کافیه خبر افزایش سرمایه وتجارت بیاد بیرون ... ... .,positive
وتجارت طلایه. هرکی امروز فروخت پشیمون میشه,positive